id,nome,cpf,email,telefone,data_nascimento,cidade,atualizado_em,entidade
1,Camila dos Nascimento Ribeiro,,camila.ribeiro154@outlook.com,+55 81 98082-9771,26/03/1968,Recife,2021-01-15,749
2,Mateus Ferreira,39005856106,MATEUS.FERREIRA362@OUTLOOK.COM,,,Olinda,2023-03-30,542
3,Tatiane da Silva,882.384.699-45,tatiane.silva49@gmail.com,,,PAULISTA,2025-02-18,783
4,Bruno Aparecida de Albuquerque Pereira,95011688070,bruno.pereira147@hotmail.com,(81) 9242-7627,1953-06-13,Jaboatão dos Guararapes,2019-10-30,353
5,Letícia Luiza Almeida Costa,,leticia.costa111@yahoo.com.br,81989402071,25/09/1999,Cabo de Santo Agostinho,2019-04-09,341
6,Josefa Cristina Gomes,83930395339,,(81) 9332-5523,,Caruaru,2024-06-25,1016
7,Thiago do Nascimento,14526471275,thiago.nascimento188outlook.com,81986731263,,Caruaru,2020-11-21,347
8,Rodrigo do Rodrigues,95431652621,,+55 81 98069-5738,23/01/1952,Paulista,2025-05-12,187
9,Thiago Roberto Gomes,741.132.579-14,thiago.gomes516@yahoo.com.br,81993088342,,Paulista,2019-10-31,329
10,Bruno Gabriela Freitas,55188442205,bruno.freitas991@outlook.com,,12/01/1968,Jaboatão dos Guararapes,2024-05-14,47
11,Renata Luiza Oliveira Pereira,,renata.pereira57@outlook.com,,2000-02-02,Paulista,2019-08-11,447
12,Camila Clara Nascimento Albuquerque,74488839258,camila.albuquerque797@hotmail.com,(81) 99124-2538,23/10/2003,Recife,2022-07-19,829
13,Rafael de Oliveira Cravalho,,,81999272355,1983-05-11,Recife,2024-06-04,480
14,Luiz Albuquerque,,luiz.albuquerque837@yahoo.com.br,(81) 98039-4048,1974-04-23,CABO DE SANTO AGOSTINHO,2021-02-15,519
15,  gustavo cavalcanti lim ,,,+55 81 98245-0902,1951-09-04,Cabo de Santo Agostinho,2025-07-07,913
16,Aline Cristina da Lima Gomes,87683160890,aline.gomes93@hotmail.com,81984057729,1992-01-21,Jaboatão dos Guararapes,2020-12-07,445
17,Gustavo Barbosa,981.312.920-45,GUSTAVO.BARBOSA858@YAHOO.COM.BR,,1953-07-06,Jaboatão dos Guararapes,2019-01-01,239
18,Bruno Almeida,,,,21/08/1967,CABO DE SANTO AGOSTINHO,2019-10-13,874
19,Pedro Rodrigues,93618324251,,+55 81 98556-7444,1977-08-06,Camaragibe,2021-10-22,22
20,Pedro Rodrigues,990.490.278-06,pedro.rodrigues235@yahoo.com.br,81986089765,2002-07-07,Petrolina,2023-06-29,23
21,JOSEFA ARAÚJO PEREIRA,34616461562,,(81) 99125-3696,1972-04-10,Jaboatão dos Guararapes,2022-05-22,1025
22,Gabriel do Rodrigues Arúajo,,gabriel.araujo768@hotmail.com,(81) 9923-0401,04/06/1985,Jaboatão dos Guararapes,2021-11-26,1039
23,Adriana Vitória do Araújo Carvalho,,adriana.carvalho85@outlook.com,(81) 8963-6629,12/12/1954,Recife,2022-05-25,349
24,Luiz Gabriela de Cavalcanti Barbosa,23888562210,luiz.barbosa370@outlook.com,81993961432,,Caruaru,2024-09-20,441
25,Mraia Gomes,32850719668,maria.gomes872@gmail.com,(81) 99983-0386,27/09/1969,Paulista,2019-10-07,851
26,Rafael da Alves,86028262579,,+55 81 98132-6045,03/07/1973,Olinda,2019-11-05,545
27,Marcos Eduarda da Alves,40942941209,marcos.alves616@outlook.com,81999784607,,Paulista,2024-04-10,1000
28,Rodrigo Eduarda de Ferreira,672.994.938-45,rodrigo.ferreira318@yahoo.com.br,+55 81 98676-8020,,Jaboatão dos Guararapes,2024-02-13,221
29,Patrícia Henrique Alves Souza,127.591.700-39,patricia.souza523@hotmail.com,81988121277,18/04/1991,Camaragibe,2022-07-15,925
30,Gustavo Eduarda Ferreira Santos,,,,2004-02-27,Camaragibe,2023-04-19,386
31,Vinícius dos Almeida,,VINICIUS.ALMEIDA125@GMAIL.COM,(81) 98481-7639,1976-02-18,Petrolina,2024-09-10,43
32,Renata do Ferreira Carvalho,,renata.carvalho735@outlook.com,81985193231,01/07/1974,Cabo de Santo Agostinho,2021-09-24,780
33,Lucas Aparecida Freitas Cavalcanti,625.916.011-94,,81983352581,1958-04-13,CARUARU,2022-01-24,468
34,Rafael Gabriela da Alves,,rafael.alves198@outlook.com,(81) 98132-6045,03/07/1973,Olinda,2022-02-18,545
35,Tatiane Cristina Melo Barbosa,,,,30/01/1965,Recife,2020-01-30,524
36,Luiz Gabriela Albuquerque Gomes,791.776.334-07,,(81) 98569-4893,03/10/1952,PAULISTA,2023-05-05,470
37,Francisca dos Freitas Monteiro,,francisca.monteiro616@yahoo.com.br,+55 81 98213-1021,02/07/1980,Cabo de Santo Agostinho,2021-10-01,591
38,Lucas Nascimento Araújo,,LUCAS.ARAUJO388@HOTMAIL.COM,(81) 9640-5215,29/07/1974,Petrolina,2022-03-22,408
39,GABRIEL MONTEIRO FREITAS,959.232.342-97,gabriel.freitas206gmail.com,81997898673,01/01/2004,Recife,2021-03-24,332
40,Carlos Carvalho Ferreira,93149190568,carlos.ferreira78@yahoo.com.br,(81) 8231-3804,,Caruaru,2022-01-11,17
41,Paulo Henrique dos Alves,,paulo.alves946@hotmail.com,81985040547,20/01/1977,Camaragibe,2020-08-31,254
42,Gabriel Souza Monteiro,,gabriel.monteiro853@yahoo.com.br,(81) 99287-1010,06/02/1967,Jaboatão dos Guararapes,2025-07-03,25
43,Larissa da Oliveira Albuquerque,812.988.618-96,,(81) 9638-9807,19/08/1950,Petrolina,2023-05-07,628
44,Aline Souza,84651242138,aline.souza990@gmail.com,81987886598,,Olinda,2022-10-16,866
45,Josefa da Cavalcanti,833.258.486-80,josefa.cavalcanti791@hotmail.com,+55 81 98132-2891,1990-10-25,CAMARAGIBE,2025-05-31,399
46,Gabriel de Silva,35243922960,gabriel.silva635outlook.com,+55 81 98291-7531,,Petrolina,2023-11-01,957
47,BRUNO MIGUEL CARVALHO,329.563.427-03,bruno.carvalho438@yahoo.com.br,(81) 9070-0735,18/04/1965,Jaboatão dos Guararapes,2025-07-10,520
48,Priscila Costa,141.115.931-43,priscila.costa266@outlook.com,81990515029,,Recife,2021-06-28,235
49,Francisca dos Santos,194.842.262-05,,(81) 8043-1674,27/10/1968,Petrolina,2020-08-06,789
50,Lucas Augusto de Albuquerque Cavalcanti,06302282993,lucas.cavalcanti685@hotmail.com,+55 81 99197-2707,23/11/1962,Cabo de Santo Agostinho,2024-08-05,1042
51,Larissa Pereira,770.384.309-12,larissa.pereira656@hotmail.com,+55 81 98121-0010,10/04/1982,Paulista,2024-09-04,119
52,Larissa Gabriela Ferreira Araújo,,larissa.araujo646@hotmail.com,(81) 98164-4514,1996-06-21,Camaragibe,2024-01-23,667
53,ANA DE CARVALHO,67849843665,ana.carvalho853@hotmail.com,,14/10/1996,Petrolina,2020-03-03,257
54,Gabriel de Oliveira Araújo,81572450010,,,21/09/1952,Olinda,2025-01-16,415
55,Severino Clara Gomes,,,(81) 99603-3091,11/05/1988,Paulista,2024-10-17,663
56,João Lima,56184442163,,(81) 8963-6289,23/01/1994,Olinda,2019-01-12,416
57,Vanessa Miguel Ribeiro,525.482.421-29,vanessa.ribeiro568@hotmail.com,(81) 8849-6579,,CAMARAGIBE,2020-04-01,469
58,Severino Freitas,33542168912,severino.freitas5@outlook.com,,07/02/1954,Camaragibe,2020-11-06,98
59,Ana Gabriela Freitas,,ana.freitas150@hotmail.com,81985704651,,CAMARAGIBE,2019-08-27,846
60,Paulo Eduarda do Carvalho,,paulo.carvalho913@yahoo.com.br,(81) 9299-6648,05/07/1983,Jaboatão dos Guararapes,2024-03-21,165
61,Adriana Vitória Souza,90071320407,,+55 81 99178-1176,03/09/1987,Cabo de Santo Agostinho,2023-09-07,943
62,Priscila Roberto da Souza Ferreira,975.523.149-82,priscila.ferreira744@gmail.com,(81) 9066-3126,1993-08-03,Cabo de Santo Agostinho,2023-11-22,111
63,Mateus Costa,677.814.564-16,,81988222944,29/10/1989,Recife,2020-10-17,662
64,Thiago Henrique Araújo Pereira,016.566.339-14,THIAGO.PEREIRA155@HOTMAIL.COM,(81) 8122-3715,28/10/1996,JABOATÃO DOS GUARARAPES,2024-11-28,948
65,Paulo Henrique Gomes,22551741971,,(81) 9871-1678,,CAMARAGIBE,2020-05-12,702
66,Vinícius Vitória do Silva Souza,38550029599,vinicius.souza835@yahoo.com.br,,1951-01-14,Olinda,2023-04-26,850
67,Antônio Luiza de Souza Silva,,,(81) 8509-6430,1963-08-31,Camaragibe,2021-08-10,763
68,Paulo Ribeiro,461.919.657-61,paulo.ribeiro181@gmail.com,81987301839,1962-06-19,Recife,2023-11-16,152
69,Thiago Gabriela Almeida,541.839.525-49,,(81) 98481-2114,15/07/1955,Cabo de Santo Agostinho,2021-12-09,823
70,Beatriz Monteiro,420.595.565-03,beatriz.monteiro437@yahoo.com.br,81981045469,20/05/1964,Caruaru,2021-05-30,291
71,Francisca Nascimento,,,(81) 8326-7525,1979-09-22,Petrolina,2024-11-13,258
72,Lucas do Costa Carvalho,80741209454,,(81) 98645-6769,11/08/1998,Recife,2025-07-01,205
73,Camila Henrique dos Santos Lima,472.928.422-40,,(81) 98798-2778,28/06/1960,Recife,2020-10-27,170
74,Vanessa Ferreira Araújo,48532077595,vanessa.araujo402@yahoo.com.br,+55 81 99704-2045,2004-08-19,Camaragibe,2022-10-13,685
75,Beatriz dos Melo Araújo,,beatriz.araujo454@hotmail.com,(81) 9024-9206,23/09/1979,Cabo de Santo Agostinho,2022-12-31,793
76,Adriana Henrique Costa,,,(81) 8811-1005,1959-10-03,Olinda,2019-02-22,759
77,Rodrigo Cristina da Freitas Alves,07167811238,RODRIGO.ALVES184@YAHOO.COM.BR,(81) 99981-5812,1959-02-16,Jaboatão dos Guararapes,2022-01-23,177
78,Letícia Luiza Almeida Costa,,leticia.costa536@gmail.com,81989402071,01/10/1974,CAMARAGIBE,2023-04-17,340
79,Ana Silva Costa,553.380.339-41,ana.costa868@yahoo.com.br,,,Recife,2021-04-17,227
80,Lucas Ribeiro,81678066427,lucas.ribeiro743@hotmail.com,(81) 99153-3994,,Recife,2024-01-13,592
81,Thiago Souza Monteiro,02675512583,thiago.monteiro368@outlook.com,(81) 9566-4592,1999-01-20,Jaboatão dos Guararapes,2023-07-02,311
82,Priscila Augusto dos Monteiro,41025471776,,,1985-01-10,Camaragibe,2024-01-24,650
83,Bruno Aparecida Albuquerque Pereira,85011688070,bruno.pereira147@hotmail.com,(81) 99242-7627,1953-06-13,Jaboatão dos Guararapes,2020-09-19,353
84,Thiago Gabriela Souza Almeida,54183952549,THIAGO.ALMEIDA527@HOTMAIL.COM,(81) 8481-2114,,Cabo de Santo Agostinho,2021-01-27,823
85,Juliana Eduarda dos Nascimento,937.710.040-20,juliana.nascimento31@gmail.com,+55 81 98708-2278,10/11/1996,Recife,2021-09-08,232
86,Beatirz Melo Cavalcanti,7563353534,beatriz.cavalcanti65@yahoo.com.br,+55 81 99862-2567,1980-07-27,Caruaru,2022-02-05,365
87,Mateus Almeida Alves,84384588151,mateus.alves799@gmail.com,,1993-08-15,Camaragibe,2021-08-20,287
88,Vinícius da Carvalho,94126410600,vinicius.carvalho766@gmail.com,(81) 8563-1429,10/04/1988,CABO DE SANTO AGOSTINHO,2023-07-22,776
89,Bruno Gabriela Freitas Alves,,,,1977-12-11,Caruaru,2025-02-14,603
90,João Miguel da Ribeiro Freitas,,,(81) 8950-4174,2003-03-19,Cabo de Santo Agostinho,2021-11-12,35
91,Beatriz Helena Albuquerque,,beatriz.albuquerque727@hotmail.com,(81) 9183-5039,1973-12-26,Petrolina,2022-04-12,168
92,Luiz Clara Souza,06211369565,LUIZ.SOUZA235@YAHOO.COM.BR,,,RECIFE,2021-10-24,352
93,Gabriel Eduarda de Souza Pereira,,gabriel.pereira540@outlook.com,(81) 98160-9380,1965-04-27,Caruaru,2020-06-06,242
94,Renata Gabriela Araújo,64804073779,renata.araujo616@hotmail.com,(81) 8922-1980,02/11/1957,Caruaru,2021-08-01,873
95,Leonardo Vitória Carvalho,,leonardo.carvalho866@gmail.com,(81) 8124-1680,1978-12-20,Paulista,2019-03-05,743
96,Amanda da Ribeiro,,amanda.ribeiro916@gmail.com,81981351644,19/11/2021,Camaragibe,2024-01-14,204
97,Adriana dos Santos,59702551226,adriana.santos712@hotmail.com,(81) 99387-5612,07/07/1968,PETROLINA,2023-08-23,510
98,Severino Almeida Ribeiro,42312209993,severino.ribeiro764@outlook.com,81987790753,19/09/1970,Recife,2019-05-13,140
99,Carlos de Albuquerque,58673622646,CARLOS.ALBUQUERQUE164@YAHOO.COM.BR,,02/05/1990,Petrolina,2024-02-18,71
100,Leticia Eduarda Monteiro,,leticia.monteiro621@yahoo.com.br,+55 81 99761-7780,12/11/1991,Caruaru,2023-11-19,390
101,Pedro Augusto de Almeida,,,+55 81 99444-1969,1965-04-11,Olinda,2022-07-06,1044
102,Rafael de Oliveira Carvalho,850.710.580-73,RAFAEL.CARVALHO965@GMAIL.COM,,,RECIFE,2023-01-25,480
103,Gabriel da Albuquerque,,gabriel.albuquerque668@outlook.com,(81) 98822-6254,,Petrolina,2025-04-25,207
104,Priscila Helena Gomes Araújo,37958187700,,(81) 9900-7858,1965-02-21,Camaragibe,2020-01-12,888
105,Patrícia Pereira Gomes,97010034389,PATRICIA.GOMES443@OUTLOOK.COM,(81) 99665-4219,,Caruaru,2020-06-19,863
106,Rodrigo Luiza Gomes,,,81981651388,1996-07-13,PAULISTA,2022-09-19,299
107,Antônio Arajúo,174.690.298-18,antonio.araujo700@hotmail.com,,27/08/1973,Paulista,2025-05-25,493
108,Fernanda Eduarda Pereira,686.536.945-95,FERNANDA.PEREIRA786@OUTLOOK.COM,+55 81 99066-2762,,PETROLINA,2024-03-15,319
109,ANA CARVALHO,,ANA.CARVALHO853@HOTMAIL.COM,81983084877,14/10/1996,Petrolina,2019-05-13,257
110,JOSEFA MONTEIRO CAVALCANTI,52895392633,,(81) 98427-3102,11/12/1965,Recife,2021-10-19,88
111,Rodrigo Rodrigues,95431652621,,81980695738,23/01/1952,Paulista,2023-04-14,187
112,Felipe Carvlaho,,,81998412882,,Jaboatão dos Guararapes,2024-12-29,234
113,Gustavo Pereira,,,(81) 98510-5283,15/06/1954,Recife,2022-11-01,127
114,Gustvao Augusto Oliveira,,,(81) 98962-2144,1992-02-04,Recife,2022-01-18,126
115,LUCAS DO COSTA CARVALHO,,LUCAS.CARVALHO348@GMAIL.COM,(81) 98645-6769,,RECIFE,2021-01-13,205
116,Carlos Miguel Carvalho,,,,02/04/1963,PAULISTA,2024-07-16,37
117,Tatiane da Alves Nascimento,52398680002,tatiane.nascimento572@gmail.com,81991174991,02/07/1992,Cabo de Santo Agostinho,2024-06-29,52
118,Gustavo Pereira,119.206.136-50,gustavo.pereira695@hotmail.com,+55 81 98444-1139,1991-12-18,Cabo de Santo Agostinho,2025-06-28,432
119,Josefa Costa,,,,,Camaragibe,2020-05-17,453
120,Pedro da Albuquerque,02620672422,,+55 81 99001-2381,14/12/2000,Olinda,2023-07-19,56
121,Aline Vitória Costa,37320430967,aline.costa897@yahoo.com.br,(81) 99390-9179,1999-11-29,Paulista,2023-02-25,344
122,Lucas Almeida Ferreira,18328123169,,,21/08/1950,Camaragibe,2023-01-27,444
123,Ana da Silva,,,(81) 9932-2534,09/09/1993,Jaboatão dos Guararapes,2022-07-25,622
124,ANA ROBERTO DA GOMES COSTA,,ana.costa457@outlook.com,(81) 8075-6607,1957-07-02,Cabo de Santo Agostinho,2023-12-18,171
125,Gustavo da Gomes Almeida,,gustavo.almeida576@hotmail.com,,27/01/2003,Camaragibe,2024-07-06,618
126,Leonardo Clara Oliveira,15325947982,leonardo.oliveira328@outlook.com,(81) 9469-8911,1975-05-07,RECIFE,2021-06-25,485
127,Pedro Barbosa,18081896554,PEDRO.BARBOSA93@OUTLOOK.COM,+55 81 98950-9108,23/05/1975,Caruaru,2023-07-31,609
128,Diego Henrique Carvalho,73395004724,diego.carvalho518@yahoo.com.br,(81) 9800-8353,25/09/1950,Olinda,2025-03-02,51
129,Josefa Luiza Monteiro Cavalcanti,52895392633,JOSEFA.CAVALCANTI665@OUTLOOK.COM,81984273102,11/12/1965,Recife,2024-07-25,88
130,GUSTAVO LUIZA PEREIRA,153.864.267-02,gustavo.pereira328@hotmail.com,(81) 8572-5462,09/05/1965,Recife,2023-08-19,965
131,Gabriel do Freitas,72290349496,GABRIEL.FREITAS10@OUTLOOK.COM,(81) 99263-2419,14/04/1981,Cabo de Santo Agostinho,2022-03-03,95
132,Fernanda da Barbosa Melo,,fernanda.melo817@gmail.com,,2000-07-17,Recife,2023-07-13,727
133,Patrícia Miguel Santos,,patricia.santos753@hotmail.com,,22/09/1951,Camaragibe,2025-04-04,761
134,  jéssica dos gomes almeida ,60490376479,,(81) 99542-0135,,OLINDA,2020-05-17,849
135,Felipe Souza,,,81983953538,29/10/1961,Olinda,2020-08-13,644
136,Gabriel Silva,28334557396,GABRIEL.SILVA417@OUTLOOK.COM,+55 81 98582-1165,22/04/1967,Jaboatão dos Guararapes,2020-05-30,818
137,Camila de Pereira,99590010911,camila.pereira675@outlook.com,+55 81 99919-7738,,Recife,2023-12-06,49
138,Thiago de Albuquerque,39728339119,thiago.albuquerque665@hotmail.com,(81) 9844-5060,1994-11-08,Recife,2020-05-11,473
139,Jéssica Luiza Lmia Ribeiro,320.222.711-49,jessica.ribeiro747@gmail.com,,1993-12-20,PETROLINA,2025-05-18,571
140,Francisca Cristina do Silva Ferreira,98246896725,,,1983-02-27,PETROLINA,2021-04-24,857
141,Vanessa Eduarda Carvalho,,,(81) 98573-5803,10/03/1966,Paulista,2024-01-07,434
142,Vanessa dos Monteiro,,vanessa.monteiro290@gmail.com,+55 81 98508-5842,05/03/1959,Jaboatão dos Guararapes,2024-11-19,368
143,Pirscila Silva,81867024403,priscila.silva774@gmail.com,(81) 8829-8304,11/01/1953,Camaragibe,2025-06-18,300
144,BEATRIZ ROBERTO DO OLIVEIRA,,BEATRIZ.OLIVEIRA436@OUTLOOK.COM,(81) 8299-9928,13/03/1995,Recife,2022-04-03,768
145,Camila Augusto Cavalcanti,,,,08/05/1982,Camaragibe,2020-11-28,944
146,Francisca Helena Rodrigues,83335401123,francisca.rodrigues678@hotmail.com,+55 81 98567-0160,1998-08-07,Paulista,2019-09-27,742
147,Renata Lima Ferreira,48763290952,renata.ferreira147@hotmail.com,81982953501,08/01/1977,Caruaru,2021-05-02,163
148,Lucas Ribeiro,21531936210,lucas.ribeiro284@outlook.com,+55 81 99347-3081,,JABOATÃO DOS GUARARAPES,2021-08-07,744
149,Ana Freitas Albuquerque,,ana.albuquerque456@hotmail.com,(81) 8150-1076,10/04/1971,Recife,2019-11-01,240
150,Patrícia Araújo,,PATRICIA.ARAUJO696@OUTLOOK.COM,(81) 99405-1690,2014-07-10,Cabo de Santo Agostinho,2019-12-15,690
151,Josefa de Pereira,,,(81) 9644-8094,1957-06-24,Cabo de Santo Agostinho,2021-11-27,907
152,Amanda dos Almeida,269.312.163-92,,81983363288,05/04/1997,Jaboatão dos Guararapes,2019-12-09,252
153,JÉSSICA DO FREITAS,57039653141,JESSICA.FREITAS146@HOTMAIL.COM,,29/07/1974,Cabo de Santo Agostinho,2024-11-12,276
154,Lucas Luiza Monteiro,944.258.922-91,LUCAS.MONTEIRO109@HOTMAIL.COM,81993590463,1955-02-17,PETROLINA,2021-09-29,503
155,Carlos Helena Carvalho Silva,,carlos.silva65@hotmail.com,(81) 9772-7739,,Jaboatão dos Guararapes,2022-06-08,410
156,Larissa Cristina Lima Silva,34791005970,,,1994-03-01,JABOATÃO DOS GUARARAPES,2021-12-30,724
157,Rafael Freitas,636.815.418-76,rafael.freitas898@outlook.com,,1963-05-20,Cabo de Santo Agostinho,2019-03-25,587
158,Luas Eduarda Barbosa Souza,35926648670,,+55 81 99843-9909,04/07/1989,Camaragibe,2021-11-30,465
159,Renata dos Freitas,79913662192,renata.freitas351@gmail.com,81997539282,,Petrolina,2025-01-17,116
160,Mateus Augusto Almeida,59792703373,,81982879454,31/01/1960,Recife,2025-01-12,136
161,Gustavo Cavalcanti Lima,,gustavo.lima77@gmail.com,,04/09/1951,CABO DE SANTO AGOSTINHO,2021-02-24,913
162,Marco do Santos,41017590222,marcos.santos627@outlook.com,(81) 99508-3040,18/11/1983,Jaboatão dos Guararapes,2024-10-19,283
163,João dos Almeida,33353849548,JOAO.ALMEIDA245@GMAIL.COM,,08/09/1962,Olinda,2021-03-21,420
164,Bruno Ferreira,,,,03/09/1959,Paulista,2020-05-18,515
165,Priscila do Lima,39964771800,,(81) 99136-9852,1970-05-04,Recife,2022-12-12,564
166,Felipe Clara Carvalho Barbosa,389.030.914-34,felipe.barbosa656@hotmail.com,81988172038,1957-02-14,Recife,2022-07-24,226
167,Dieg Gabriela Almeida,811.353.739-22,diego.almeida860@yahoo.com.br,(81) 8537-1781,23/04/1993,Jaboatão dos Guararapes,2020-03-05,1040
168,Carols Helena da Ferreira Almeida,35528961122,,,1967-03-14,Petrolina,2024-09-14,216
169,VANESSA DOS SOUZA SANTOS,66343629475,vanessa.santos665@yahoo.com.br,+55 81 98366-3625,,Paulista,2024-02-08,274
170,Marcos Melo Silva,61007923032,,(81) 99370-3580,,RECIFE,2020-06-04,556
171,Adriana Vitória Souza,90071320407,adriana.souza322@outlook.com,(81) 9178-1176,1987-09-03,Cabo de Santo Agostinho,2020-07-26,943
172,Diego Souza,,DIEGO.SOUZA840@GMAIL.COM,81996917985,03/08/1992,Caruaru,2022-07-11,176
173,Luiz Nascimento,,luiz.nascimento892@outlook.com,,15/06/1974,Petrolina,2023-07-09,731
174,  leonardo roberto de nascimento ,,leonardo.nascimento793@gmail.com,,1951-05-02,Caruaru,2024-02-20,31
175,Juliana dos Monteiro,929.831.687-94,juliana.monteiro976@hotmail.com,(81) 9552-7746,17/01/1975,RECIFE,2019-06-14,166
176,Tatiane Roberto dos Alves Santos,,,+55 81 98341-8124,2000-06-18,Recife,2024-08-03,198
177,Luiz Cristina Lima Barbosa,,luiz.barbosa795@hotmail.com,(81) 99181-9511,1969-02-16,Paulista,2022-03-22,500
178,Bruno Roberto de Barbosa Santos,,,(81) 98731-6454,,Recife,2023-10-04,953
179,SEEVRINO LIMA,13125129380,,,,Caruaru,2024-12-08,360
180,  fernanda da barbosa melo ,538.294.419-91,FERNANDA.MELO817@GMAIL.COM,+55 81 99542-1665,2000-07-17,Recife,2020-10-12,727
181,Mateus dos Pereira Silva,75370304564,mateus.silva128@hotmail.com,,1969-11-03,Paulista,2022-02-10,209
182,Vanessa Gabriela Alves Costa,40571446922,vanessa.costa481@outlook.com,81996644266,1972-12-10,Recife,2022-12-17,684
183,FRANCISCA OLIVEIRA MELO,,,,,Olinda,2019-06-15,84
184,Thiago Helena Souza,117.830.999-17,,(81) 98317-2680,11/03/2003,Jaboatão dos Guararapes,2019-03-22,238
185,CAMILA AUGUSTO FREITAS,77049909696,camila.freitas891@yahoo.com.br,(81) 99040-2885,17/09/1982,Petrolina,2022-07-09,1017
186,Aline Miguel Santos,323.654.018-48,aline.santos422@gmail.com,,1974-01-31,Jaboatão dos Guararapes,2019-01-30,704
187,Josefa Luiza Ferreira Melo,,josefa.melo276@hotmail.com,,1963-12-30,OLINDA,2023-03-01,121
188,Pedro Alves Cavalcanti,,PEDRO.CAVALCANTI6@YAHOO.COM.BR,,26/11/1978,Jaboatão dos Guararapes,2021-10-30,782
189,Patrícia Gabriela Lima Almeida,03977397370,,(81) 99678-4428,22/12/1959,Caruaru,2023-04-28,321
190,Lucas Aparecida dos Cavalcanti,545.628.417-02,,,26/09/1981,Petrolina,2021-03-26,245
191,Ana do Gomes,38319346576,ana.gomes558@gmail.com,(81) 9626-9466,18/09/1978,Petrolina,2023-01-12,1004
192,Aline da Monteiro Alves,30174268408,aline.alves710@gmail.com,81992332726,1969-10-24,Paulista,2019-12-02,57
193,Luiz Santos,,,81997481614,1959-04-19,Jaboatão dos Guararapes,2022-10-12,450
194,Priscila dos Oliveira,,PRISCILA.OLIVEIRA770@GMAIL.COM,(81) 98132-6750,1982-08-24,RECIFE,2019-12-30,967
195,LARISSA NASCMIENTO,,larissa.nascimento523@yahoo.com.br,(81) 99719-2379,20/02/1964,RECIFE,2022-03-19,1022
196,  gustavo augusto alves ,,gustavo.alves621@outlook.com,,21/06/1970,Caruaru,2022-05-14,653
197,Josefa Luiza Carvalho Santos,45840811408,JOSEFA.SANTOS125@OUTLOOK.COM,(81) 9241-0826,1989-06-03,JABOATÃO DOS GUARARAPES,2023-03-17,831
198,Baetriz Freitas,02030423289,,+55 81 99671-1013,1982-03-23,Jaboatão dos Guararapes,2025-01-09,492
199,José Henrique dos Souza,65569816992,JOSE.SOUZA611@HOTMAIL.COM,81981489364,1989-02-13,Recife,2020-05-25,11
200,Ana Cristina Souza,87233351066,,(81) 99971-3216,,Olinda,2025-01-08,411
201,Diego Clara Carvalho Cavalcanti,38497916298,,,05/08/1971,Jaboatão dos Guararapes,2023-04-30,280
202,Francisca Santos Nascimento,40546835686,,+55 81 98326-7525,22/09/1979,Petrolina,2024-03-11,258
203,Maria Souza Albuquerque,,maria.albuquerque848@outlook.com,+55 81 98127-9801,2024-06-27,Jaboatão dos Guararapes,2023-11-01,855
204,Ana Augusto Santos,,ana.santos191@outlook.com,+55 81 98576-5674,22/04/1983,Cabo de Santo Agostinho,2023-04-10,840
205,Leoanrdo Vitória Carvalho,45649674108,LEONARDO.CARVALHO866@GMAIL.COM,,20/12/1978,Paulista,2023-06-15,743
206,Fernanda do Rodrigues,771.280.619-59,,+55 81 98886-5095,18/05/1985,Petrolina,2024-08-06,1038
207,THIAGO FREIATS,,thiago.freitas958@yahoo.com.br,,21/02/1989,Cabo de Santo Agostinho,2020-01-13,388
208,Paulo Miguel Monteiro Almeida,70308808118,,(81) 99349-2611,24/06/1963,JABOATÃO DOS GUARARAPES,2024-02-18,593
209,Adriana Gabriela Gomes Melo,,adriana.melo558@outlook.com,+55 81 98314-6981,,Cabo de Santo Agostinho,2021-10-01,634
210,Severino Clara da Ferreira,434.857.133-33,SEVERINO.FERREIRA820@YAHOO.COM.BR,(81) 99549-1434,1988-05-09,Petrolina,2021-07-05,825
211,Gustavo do Freitas,,gustavo.freitas19@outlook.com,(81) 9560-1496,1950-10-01,Olinda,2023-04-09,137
212,Letícia Eduarda Pereira Almeida,73962625933,leticia.almeida575@gmail.com,+55 81 98235-1825,14/12/1965,CAMARAGIBE,2021-11-22,757
213,Francisca Helena Cavalcanti,819.516.484-63,,81998984475,1992-02-09,Paulista,2024-04-21,875
214,Leonardo do Souza,659.143.882-36,leonardo.souza751@hotmail.com,,18/08/1982,Paulista,2024-07-12,446
215,João do Souza Freitas,77580304678,,81980173116,26/02/1985,Paulista,2019-09-15,210
216,Josefa Gomes,92177905591,josefa.gomes673@hotmail.com,81994192130,2002-07-02,Paulista,2022-07-28,540
217,Camila Cristina Barbosa,,CAMILA.BARBOSA4@YAHOO.COM.BR,(81) 8331-2342,1967-07-05,OLINDA,2022-08-21,791
218,Vanessa Eduarda dos Silva Cavalcanti,665.344.604-24,VANESSA.CAVALCANTI754@HOTMAIL.COM,(81) 99475-7440,,Paulista,2020-02-20,557
219,Larissa Ferreira Gomes,332.436.296-24,,+55 81 99803-2273,23/05/1952,Caruaru,2023-12-25,575
220,Severino Lima,13125129389,severino.lima826@gmail.com,81980323640,,Caruaru,2020-07-22,360
221,João de Silva Carvalho,065.673.374-86,JOAO.CARVALHO69@OUTLOOK.COM,(81) 98145-0601,,Petrolina,2019-03-25,656
222,FRANCISCA AUGUSTO DE CARVALHO,,francisca.carvalho763@gmail.com,(81) 99201-7886,,Petrolina,2021-05-01,841
223,Gabriel Gabriela Almeida,,gabriel.almeida623@yahoo.com.br,(81) 8640-9195,,Caruaru,2024-05-13,629
224,Camila Luiza Almeida Gomes,,camila.gomes423@hotmail.com,(81) 98079-9783,1968-07-10,Petrolina,2022-07-20,355
225,Pedro Cavalcanti,55348201286,pedro.cavalcanti70@outlook.com,81980828241,,PAULISTA,2022-09-14,392
226,Gustavo Freitas,,gustavo.freitas345@yahoo.com.br,81993786127,07/09/1982,Paulista,2024-05-22,41
227,Mateus Gomes Cavalcanti,34843443778,mateus.cavalcanti197@outlook.com,(81) 9170-3892,,CAMARAGIBE,2019-11-20,54
228,Mateus do Barbosa,,MATEUS.BARBOSA380@YAHOO.COM.BR,,1951-05-26,RECIFE,2023-09-28,350
229,Letícia da Rodrigues Melo,41049670680,,81981490338,1970-02-19,Paulista,2021-12-11,288
230,Maria Aparecida dos Oliveira Carvalho,87921046657,,(81) 9072-1915,10/08/1951,Olinda,2022-10-31,754
231,Thiago de Albuquerque,,thiago.albuquerque120@yahoo.com.br,+55 81 99844-5060,02/11/2019,Recife,2022-04-25,474
232,Leonardo Roberto de Nascimento,,LEONARDO.NASCIMENTO793@GMAIL.COM,,02/05/1951,Caruaru,2024-05-04,31
233,Gabriel Souza,,gabriel.souza169@gmail.com,,1959-07-17,Petrolina,2023-07-02,379
234,Jéssica do Freitas,570.396.531-41,jessica.freitas146hotmail.com,,29/07/1974,Cabo de Santo Agostinho,2022-06-06,276
235,Priscila da Nascimento,63794128834,,(81) 99957-1426,21/04/1959,Olinda,2020-03-19,740
236,Aline Henrique Freitas Albuquerque,070.015.941-05,aline.albuquerque181@yahoo.com.br,(81) 98303-0176,10/08/1985,Jaboatão dos Guararapes,2022-07-07,183
237,Amanda Luiza do Alves,,amanda.alves975@yahoo.com.br,(81) 99489-3193,,Jaboatão dos Guararapes,2024-07-21,73
238,Tatiane de Rodrigeus,,tatiane.rodrigues281@yahoo.com.br,(81) 8714-8669,13/10/1977,Caruaru,2021-09-24,693
239,Larissa Eduarda dos Pereira Cavalcanti,65725659208,,81988408753,1987-04-21,Olinda,2019-02-07,398
240,Carlos Helena Carvalho Silva,913.443.899-88,carlos.silva65@hotmail.com,(81) 99772-7739,,Jaboatão dos Guararapes,2021-03-14,410
241,Beatriz de Oliveira,90927532620,BEATRIZ.OLIVEIRA544@YAHOO.COM.BR,(81) 8290-8767,1959-01-06,Jaboatão dos Guararapes,2019-04-20,78
242,Marcos do Santos,410.175.902-22,marcos.santos627@outlook.com,(81) 9508-3040,1983-11-18,Jaboatão dos Guararapes,2025-07-12,283
243,Pedro de Carvalho,,pedro.carvalho388@outlook.com,+55 81 99339-9650,1971-08-15,Jaboatão dos Guararapes,2024-12-18,605
244,Juliana Cristina Freitas Monteiro,04164153776,juliana.monteiro170@outlook.com,+55 81 99229-3940,1958-05-03,Paulista,2023-04-03,809
245,Beatriz Gabriela Monteiro,43687715671,beatriz.monteiro856@hotmail.com,+55 81 98008-9687,28/03/2002,Camaragibe,2019-07-28,734
246,Gabriel Luiza Rodrigues,,,,25/10/1998,RECIFE,2020-05-11,934
247,Josefa Gabriela da Lima Araújo,080.265.893-86,josefa.araujo10@outlook.com,81991283151,22/08/2003,Cabo de Santo Agostinho,2024-04-17,676
248,Paulo Luiza Melo Araújo,73114933157,paulo.araujo251@gmail.com,,1971-08-07,Recife,2019-03-18,917
249,Ana de Nascimento Ferreira,73551497257,ana.ferreira163@outlook.com,(81) 98632-0801,13/07/1962,Jaboatão dos Guararapes,2019-06-21,799
250,Adriana Vitória Almeida,,adriana.almeida613@gmail.com,+55 81 98689-2707,05/05/1978,Petrolina,2021-04-14,117
251,Diego Clara da Souza,,diego.souza609@gmail.com,,1976-09-19,Cabo de Santo Agostinho,2019-07-06,562
252,Ana Aparecida Almeida Melo,259.497.220-78,ANA.MELO76@OUTLOOK.COM,81997597113,18/09/1984,JABOATÃO DOS GUARARAPES,2023-03-25,597
253,PRISCILA FREITAS ALMIDA,31069872008,priscila.almeida305@outlook.com,+55 81 99434-8075,11/11/1957,Camaragibe,2020-02-01,90
254,Adriana Gabriela Costa Monteiro,396.112.910-00,adriana.monteiro283@hotmail.com,,07/11/1958,Olinda,2024-08-25,249
255,Lucas da Araújo,,lucas.araujo283@gmail.com,81995542583,1994-10-29,Jaboatão dos Guararapes,2021-03-03,433
256,Ana Cristina Souza,,ana.souza698@outlook.com,,1986-09-15,OLINDA,2024-06-28,411
257,Paulo Almeida,21926221397,,81990255518,27/09/1955,RECIFE,2020-04-03,523
258,GABRIEL SILVA,283.345.573-96,gabriel.silva417@outlook.com,81985821165,22/04/1967,Jaboatão dos Guararapes,2020-09-16,818
259,Gabriel de Souza,,GABRIEL.SOUZA49@OUTLOOK.COM,(81) 98176-1305,19/04/1973,Recife,2020-07-18,271
260,SEVERINO HELENA DE ARAÚJO,43532861704,,+55 81 99858-9844,31/01/1956,Paulista,2021-02-21,1023
261,Renata Araújo,21234764989,renata.araujo224@gmail.com,(81) 99790-0281,14/08/1983,OLINDA,2019-05-23,184
262,Felipe dos Ferreira,,felipe.ferreira692gmail.com,(81) 8439-0295,20/12/1988,Jaboatão dos Guararapes,2024-08-02,981
263,Ana Costa,,ana.costa796@yahoo.com.br,81980255185,12/08/1983,PAULISTA,2019-05-14,264
264,Rafael Luiza Rodrigues,628.314.359-86,rafael.rodrigues693@hotmail.com,+55 81 98515-0317,,PETROLINA,2022-01-24,241
265,Diego Luiza Ferreira Lima,,diego.lima219@yahoo.com.br,+55 81 99529-7227,15/04/1973,PETROLINA,2023-02-02,565
266,Patrícia Helena dos Barbosa Lima,,patricia.lima415@outlook.com,81981644097,,Camaragibe,2022-01-01,417
267,Patrícia da Barbosa,,patricia.barbosa652@yahoo.com.br,+55 81 99552-4962,2002-02-27,Camaragibe,2021-09-10,822
268,Diego Souza,,diego.souza150@yahoo.com.br,+55 81 98887-5405,18/09/1958,Caruaru,2021-11-22,322
269,Vinicius Miguel Pereira,,,(81) 9257-7340,1960-04-23,Cabo de Santo Agostinho,2019-08-14,1020
270,Mateus Nascimento Ribeiro,142.116.220-21,,+55 81 98298-1061,1954-02-11,Recife,2023-09-10,952
271,Pedro Silva,26509962187,pedro.silva832hotmail.com,(81) 99265-3764,03/08/1990,CABO DE SANTO AGOSTINHO,2019-05-12,633
272,Amanda Roberto do Monteiro,74304025694,,81989848800,06/11/1960,Paulista,2021-10-06,1021
273,Amanda Roberto Gomes,17410119497,amanda.gomes659@yahoo.com.br,81996700087,10/05/1963,RECIFE,2019-10-15,159
274,Antônio Melo Oliveira,,,81996762708,04/07/1952,Camaragibe,2023-05-25,898
275,Leonardo Almeida,762.303.911-39,LEONARDO.ALMEIDA562@GMAIL.COM,+55 81 98599-7203,,Olinda,2019-03-26,389
276,Beatriz Gabriela do Ribeiro Alves,47812914224,beatriz.alves794@hotmail.com,,1956-10-06,Recife,2020-08-31,112
277,Patrícia Augusto Costa Almeida,41491699930,,81988673105,29/09/1974,Cabo de Santo Agostinho,2022-09-06,511
278,Letícia Lima Nascimento,529.060.320-42,leticia.nascimento433@hotmail.com,+55 81 98798-0228,1964-07-10,Petrolina,2020-04-27,336
279,Diego Carvlaho,,diego.carvalho52@yahoo.com.br,(81) 99862-2727,1996-04-23,Camaragibe,2019-05-04,569
280,Carlos Cristnia Souza Oliveira,,,(81) 98220-3616,30/09/1992,Recife,2023-05-08,671
281,Rafael dos Albuquerque,,,(81) 9362-4519,1960-04-25,Caruaru,2021-01-21,868
282,JÉSSICA ALVES,910.371.705-47,jessica.alves227@yahoo.com.br,(81) 98195-6224,06/11/1973,Recife,2023-07-03,132
283,Jéssica Nascimento Monteiro,65426836825,JESSICA.MONTEIRO277@OUTLOOK.COM,(81) 9677-1574,23/07/1990,Olinda,2024-04-15,832
284,Vanessa Clara do Barbosa Freitas,02970213540,vanessa.freitas164@outlook.com,(81) 99903-3571,27/11/1952,Jaboatão dos Guararapes,2024-08-06,46
285,Felipe Alves,,felipe.alves231@yahoo.com.br,,15/06/1999,CABO DE SANTO AGOSTINHO,2023-04-11,501
286,Vanessa de Carvalho,36131798575,vanessa.carvalho228@outlook.com,+55 81 98152-3672,1977-11-08,RECIFE,2025-07-28,701
287,Maria Augusto da Alves Barbosa,,maria.barbosa733@outlook.com,(81) 98205-5246,15/04/1975,Recife,2020-02-27,669
288,Jéssica Miguel Rodrigues Santos,895.930.320-88,jessica.santos565@yahoo.com.br,(81) 9462-0128,,CARUARU,2023-07-06,878
289,José Clara Souza Almeida,,jose.almeida570@gmail.com,+55 81 99715-1601,,Olinda,2019-08-01,1013
290,Rafael Alves,92064411161,rafael.alves263@yahoo.com.br,(81) 99834-4274,1999-05-20,Olinda,2021-01-02,560
291,Gabriel Rodrigues Santos,588.311.414-81,gabriel.santos319@yahoo.com.br,81983436065,1963-09-03,Paulista,2019-06-03,630
292,Rodrigo Aparecida do Lima,67659645846,rodrigo.lima502@yahoo.com.br,81992918821,1973-04-06,Camaragibe,2020-06-15,872
293,Camila Vitória Ribeiro,21717477305,camila.ribeiro582@hotmail.com,,,Petrolina,2020-11-30,150
294,Mateus do Barbosa,,mateus.barbosa380@yahoo.com.br,,1951-05-26,RECIFE,2020-12-26,350
295,Vanessa Oliveira,727.601.227-19,,(81) 98065-8598,1990-04-30,Paulista,2025-03-20,195
296,Vanessa Albuquerque Carvalho,,vanessa.carvalho594@hotmail.com,(81) 99918-1509,12/02/1988,Paulista,2025-04-26,990
297,Josefa Nascimento,557.277.382-45,josefa.nascimento349@yahoo.com.br,+55 81 99352-0363,23/11/1952,Olinda,2020-11-13,318
298,Ana Gomes Carvalho,,ANA.CARVALHO393@OUTLOOK.COM,(81) 98217-2982,1989-10-30,Recife,2025-02-17,462
299,Tatiane Clara Almeida Pereira,38269285552,,81989025758,27/04/1968,Caruaru,2022-08-14,708
300,Juliana Viótria Rodrigues Albuquerque,70473148307,,(81) 99039-0262,,CABO DE SANTO AGOSTINHO,2021-05-20,864
301,Pedro Clara do Rodrigues Ribeiro,,PEDRO.RIBEIRO229@HOTMAIL.COM,,05/02/1961,Petrolina,2025-04-03,1031
302,Larissa Gabrieal Monteiro Santos,,larissa.santos995@gmail.com,(81) 99239-9498,02/08/1952,JABOATÃO DOS GUARARAPES,2024-10-15,307
303,Paulo Almeida,45655722701,paulo.almeida108@outlook.com,(81) 98901-9203,1954-11-26,Cabo de Santo Agostinho,2019-01-16,775
304,Rodrigo de Ribeiro,,rodrigo.ribeiro198@gmail.com,+55 81 99814-9000,01/12/1994,Jaboatão dos Guararapes,2023-09-18,625
305,Thiago Freitas,,,+55 81 99647-3799,21/02/1989,Cabo de Santo Agostinho,2025-07-26,388
306,Rodrigo Augusto da Oliveira,,rodrigo.oliveira97@gmail.com,(81) 98532-8676,,Paulista,2020-06-02,406
307,Beatriz dos Almeida Oliveira,81851367349,,(81) 98484-4739,1955-03-14,Paulista,2022-02-18,741
308,Priscila Freitas Carvalho,731.625.265-07,PRISCILA.CARVALHO852@OUTLOOK.COM,+55 81 99321-5425,01/12/1997,Olinda,2023-06-19,313
309,  rodrigo albuquerque ,70872873186,RODRIGO.ALBUQUERQUE831@OUTLOOK.COM,+55 81 99039-2316,,CARUARU,2020-08-25,753
310,Renata Gabriela da Costa,,,81990634720,24/02/1974,Paulista,2020-04-17,292
311,  aline nascimento alves ,,aline.alves115@hotmail.com,(81) 99425-4534,06/08/1999,Olinda,2024-04-29,544
312,Josefa Vitória Costa,073.453.302-06,josefa.costa253@hotmail.com,+55 81 99040-9462,,Jaboatão dos Guararapes,2019-07-03,762
313,Thiago dos Cavalcanti Oliveira,,thiago.oliveira828@gmail.com,+55 81 98915-6003,,Recife,2021-11-12,810
314,Tatiane de Rodrigues,,tatiane.rodrigues281@yahoo.com.br,(81) 8714-8669,13/10/1977,Caruaru,2021-04-22,693
315,Leonardo Gomes Freitas,,LEONARDO.FREITAS62@HOTMAIL.COM,(81) 99355-4088,,Jaboatão dos Guararapes,2022-03-27,924
316,Vinicius Vitoria Silva Souza,38550029599,vinicius.souza835@yahoo.com.br,(81) 99740-3283,,Olinda,2024-07-10,850
317,Letícia Aparecida dos Freitas Ferreira,66941180072,LETICIA.FERREIRA731@OUTLOOK.COM,(81) 9580-1869,,Recife,2024-07-11,188
318,Josefa Cristina Melo,770.411.678-95,josefa.melo815@gmail.com,(81) 9958-8450,20/10/1987,Camaragibe,2021-12-19,819
319,Rodrigo do Nascimento Alves,75124764007,,+55 81 99296-5929,28/12/1996,Cabo de Santo Agostinho,2020-09-22,620
320,Aline Vitória Alves,40711072949,ALINE.ALVES273@OUTLOOK.COM,(81) 8566-8374,18/11/1971,Recife,2019-11-27,1011
321,Larissa Helena Nascimento,309.251.142-51,larissa.nascimento857@yahoo.com.br,(81) 9241-2701,26/08/1999,Jaboatão dos Guararapes,2020-01-01,162
322,MARIA GABRIELA CAVACLANTI,05229185507,maria.cavalcanti45@yahoo.com.br,(81) 9947-4280,,Caruaru,2020-09-19,892
323,Gustavo dos Silva,48573654058,gustavo.silva234@outlook.com,(81) 98433-8460,1992-12-28,Jaboatão dos Guararapes,2019-12-05,877
324,Aline Vitória Alves,40711072949,,81985668374,18/11/1971,Recife,2023-05-27,1011
325,  diego souza ,491.256.523-70,,+55 81 98887-5405,1958-09-18,Caruaru,2022-06-02,322
326,Julaina Barbosa,,juliana.barbosa224@yahoo.com.br,(81) 99417-3570,05/07/1993,Petrolina,2024-06-24,728
327,Maria Melo,,,,1966-08-01,Jaboatão dos Guararapes,2019-12-26,144
328,Paulo Clara Silva Costa,44651241808,,(81) 9339-5588,31/01/1955,Olinda,2022-09-12,284
329,Antônio Melo Oliveira,,antonio.oliveira794@yahoo.com.br,81996762708,1952-07-04,CAMARAGIBE,2022-09-30,898
330,Rafael Monteiro Alves,05757398309,rafael.alves183@yahoo.com.br,(81) 98600-6431,,Paulista,2022-01-31,306
331,Gabriel Araújo,68536153016,gabriel.araujo55@outlook.com,81991250477,,Jaboatão dos Guararapes,2020-09-04,42
332,ADRIANA GABRIELA COSTA MONTEIRO,,adriana.monteiro283@hotmail.com,(81) 9495-7552,07/11/1958,OLINDA,2024-07-20,249
333,Adriana Freitas,588.537.982-38,adriana.freitas703@gmail.com,(81) 98828-8855,,Caruaru,2021-10-31,384
334,Carlos Helena Araújo Ferreira,09329981941,,81990905871,16/09/2004,Paulista,2020-10-23,320
335,Juliana Luiza do Pereira Santos,,,81993383284,2001-08-12,Recife,2022-11-04,962
336,Diego Satnos,707.812.945-84,,,24/06/1971,Recife,2023-07-19,835
337,Thiago Cristina Gomes,59125735946,thiago.gomes891@hotmail.com,(81) 99094-3787,1970-01-20,Camaragibe,2023-08-15,528
338,TATIANE SOUZA ARAÚJO,,tatiane.araujo300@yahoo.com.br,,,Camaragibe,2022-05-25,847
339,  paulo luiza melo arajúo ,,,,,Recife,2020-09-18,917
340,Bruno de Almeida Oliveira,395.479.406-35,BRUNO.OLIVEIRA215@OUTLOOK.COM,(81) 8717-3741,16/09/1958,Caruaru,2023-06-18,611
341,Maria Oliveira,562.606.029-44,maria.oliveira347@gmail.com,81994069551,,Camaragibe,2023-05-17,200
342,Adriana Vitória Souza,90071320407,adriana.souza322@outlook.com,+55 81 99178-1176,1987-09-03,CABO DE SANTO AGOSTINHO,2023-06-25,943
343,Vanessa da Melo Ribeiro,679.901.027-30,,81990496095,31/05/1961,Recife,2022-12-12,947
344,Bruno Freitas Alves,,,81980422834,1977-12-11,Caruaru,2024-10-05,603
345,Vnessa da Araujo Lima,,,+55 81 98188-0727,07/01/1957,JABOATÃO DOS GUARARAPES,2023-08-22,516
346,Amanda Rboerto Gomes,174.101.194-97,amanda.gomes659@yahoo.com.br,+55 81 99670-0087,10/05/1963,Recife,2024-06-15,159
347,Bruno Cristina de Lima,,bruno.lima605@outlook.com,(81) 98132-1299,12/01/1955,CARUARU,2024-07-05,682
348,Leonardo dos Melo,10556613953,,81981816232,1977-05-06,Recife,2020-01-04,134
349,Thiago Silva,573.713.887-98,THIAGO.SILVA382@OUTLOOK.COM,+55 81 98556-5783,17/07/1962,Paulista,2021-06-13,696
350,Pedro dos Barbosa,24464035060,pedro.barbosa586@yahoo.com.br,+55 81 99998-7023,25/05/1982,Caruaru,2024-01-07,882
351,Larissa Clara Santos,518.017.046-00,larissa.santos434@hotmail.com,,06/08/1983,PETROLINA,2023-05-29,58
352,SEVERINO AUGUSTO DOS BARBOSA MONTEIRO,63880324271,severino.monteiro137@yahoo.com.br,(81) 99266-8008,17/11/1959,PETROLINA,2021-02-14,1005
353,Maria Roberto Oliveira,41591497582,,(81) 99961-6507,,Recife,2019-01-27,279
354,Felipe Gomes,14749847461,,81989888068,,Paulista,2019-11-18,812
355,Jéssica Pereira Alves,410.564.814-47,jessica.alves130@gmail.com,(81) 9527-3902,29/10/1995,CARUARU,2019-02-20,81
356,Adriana Roberto Nascimento Ferreira,,adriana.ferreira843@gmail.com,(81) 9488-0374,20/04/1975,Paulista,2022-12-28,893
357,Digeo Araújo,,,(81) 8556-6812,,Olinda,2023-03-13,574
358,LEONARDO APARECIDA SILVA,,leonardo.silva682@hotmail.com,(81) 8950-6862,09/05/1990,OLINDA,2021-11-21,887
359,Priscila Miguel do Freitas Barbosa,33150321905,priscila.barbosa884@outlook.com,(81) 99159-1222,1982-07-20,OLINDA,2019-01-04,844
360,Patrícia dos Lima,2546167987,patricia.lima661@outlook.com,,29/07/1990,Olinda,2022-04-05,1034
361,LRISSA MIGUEL DE ALVES,41849378452,,(81) 9910-8652,1954-08-24,CABO DE SANTO AGOSTINHO,2025-04-07,531
362,Rafal Almeida Gomes,59578127308,,,23/11/1962,Cabo de Santo Agostinho,2020-02-11,931
363,Carlos Cristina Rodrigues Costa,,,81994980583,,Olinda,2023-12-16,211
364,Beatriz Luiza da Alves,49723920107,beatriz.alves682@gmail.com,+55 81 99579-2996,1982-09-13,Cabo de Santo Agostinho,2022-06-20,808
365,Patrícia Gabriela do Ribeiro,89022379078,patricia.ribeiro640@gmail.com,(81) 99061-5226,20/06/1974,Cabo de Santo Agostinho,2024-11-19,626
366,Lucas Miguel Monteiro,46320374780,lucas.monteiro813@yahoo.com.br,(81) 9560-9679,03/05/1983,Paulista,2023-11-11,391
367,Ana Henrique Monteiro,,ana.monteiro676@outlook.com,+55 81 98911-4027,09/07/1951,OLINDA,2020-07-15,505
368,RENATA DO FERREIRA CARVALHO,19773173917,renata.carvalho735@outlook.com,,01/07/1974,Cabo de Santo Agostinho,2020-05-24,780
369,Josefa Ferreira,,JOSEFA.FERREIRA630@OUTLOOK.COM,,12/07/1987,Olinda,2020-07-12,889
370,MARIA PEREIA,412.095.790-06,maria.pereira998@yahoo.com.br,81995856759,1959-10-25,Recife,2020-04-06,275
371,Fernanda do Rodrigues,77128061959,fernanda.rodrigues2@gmail.com,81988865095,18/05/1985,Petrolina,2020-11-28,1038
372,Felipe Albuquerque,,felipe.albuquerque938@hotmail.com,+55 81 98256-2044,1995-05-08,Paulista,2024-11-29,719
373,Beatriz Melo,571.646.821-78,,(81) 98633-8831,,Recife,2023-09-04,838
374,ADRIANA MELO,,,+55 81 98205-3663,1965-07-20,Olinda,2021-07-04,512
375,Gabriel Vitoria de Araujo,35490479833,,(81) 9486-5581,1958-12-30,PETROLINA,2020-12-17,1007
376,Paulo Cavalcanti,,,+55 81 99704-1221,,OLINDA,2020-04-05,1026
377,Rodrigo Almeida Oliveira,297.150.666-58,RODRIGO.OLIVEIRA249@HOTMAIL.COM,81995877089,1952-09-29,Caruaru,2025-05-31,395
378,Felipe da Costa Souza,,,(81) 99635-8013,1975-06-28,Paulista,2021-01-14,461
379,Renata Pereira Rodrigues,35399875926,renata.rodrigues452@gmail.com,+55 81 98804-8549,10/03/1950,Recife,2021-08-18,973
380,Tatiane Cristina Melo Barbosa,,tatiane.barbosa647@outlook.com,,02/05/1965,Recife,2021-07-19,525
381,Priscila Vitória de Freitas,81636038956,PRISCILA.FREITAS397@GMAIL.COM,,16/02/1984,Recife,2020-02-13,694
382,Lucas Eduara Araújo,,lucas.araujo530@gmail.com,(81) 98724-5912,10/02/2002,PAULISTA,2025-03-17,1015
383,Maria Gabriela Freitas Ribeiro,,MARIA.RIBEIRO497@HOTMAIL.COM,(81) 8060-6198,15/06/2004,Olinda,2019-05-22,223
384,Vanessa Lima,471.959.796-36,vanessa.lima784@outlook.com,,,Recife,2023-09-15,173
385,Vinícius Carvalho Ferreira,,vinicius.ferreira972@yahoo.com.br,,,OLINDA,2023-04-30,220
386,Larissa Vitória de Araújo Costa,,,,26/01/1950,Cabo de Santo Agostinho,2023-01-08,764
387,Larissa Gabriela de Silva,,LARISSA.SILVA255@HOTMAIL.COM,(81) 8141-8095,29/06/2001,Recife,2021-05-19,541
388,Diego Cristina dos Cavalcanti,306.396.384-49,diego.cavalcanti561@outlook.com,(81) 99357-3458,01/01/2003,Petrolina,2021-04-25,407
389,Pedro Miguel Oliveira,17400345621,pedro.oliveira483@outlook.com,+55 81 99105-7994,,Paulista,2024-04-08,1014
390,Priscila do Pereira,,,(81) 98085-6759,21/02/2004,Caruaru,2020-06-29,612
391,Gabriel Gabriela Freitas Almeida,,gabriel.almeida623@yahoo.com.br,,,CARUARU,2021-06-12,629
392,  francisca rodrigues ribeiro ,15203519170,FRANCISCA.RIBEIRO733@OUTLOOK.COM,(81) 99141-9627,1986-09-06,Caruaru,2021-04-17,891
393,Diego Nascimento,,diego.nascimento529@hotmail.com,+55 81 99237-0878,1954-08-27,Camaragibe,2025-06-03,437
394,Rafael Helnea do Oliveira Albuquerque,,rafael.albuquerque742@hotmail.com,(81) 98700-9154,15/11/1979,CAMARAGIBE,2024-04-07,61
395,Priscila da Nascimento,637.941.288-34,priscila.nascimento186@yahoo.com.br,81999571426,21/04/1959,Olinda,2022-01-22,740
396,Letícia Lima,652.494.891-25,LETICIA.LIMA718@OUTLOOK.COM,81996956119,08/05/1971,Jaboatão dos Guararapes,2023-08-04,995
397,Adriana Gabriela Costa Monteiro,39611291000,adriana.monteiro283@hotmail.com,,,Olinda,2021-10-31,249
398,Beatriz Gabriela Carvalho Souza,55650333491,beatriz.souza439@gmail.com,(81) 9023-1164,08/04/1960,Caruaru,2025-05-25,180
399,Ana Aparecida Costa Santos,,,(81) 9163-5472,1990-03-22,Petrolina,2024-04-02,196
400,Severino Souza,,severino.souza730@outlook.com,+55 81 98717-2735,08/05/1994,CABO DE SANTO AGOSTINHO,2024-07-14,1035
401,Gustavo da Pereira Freitas,,gustavo.freitas953@yahoo.com.br,81992720309,18/04/1965,Caruaru,2019-01-10,244
402,Josefa Helena Melo Silva,359.717.717-44,,(81) 98109-5831,,Petrolina,2023-05-26,746
403,Priscila Aparecida Costa Alves,404.762.539-69,priscila.alves944@outlook.com,(81) 98357-3779,19/10/1957,Olinda,2019-12-04,792
404,Mateus Monteiro,,mateus.monteiro932@gmail.com,(81) 8053-0542,26/11/1973,Petrolina,2019-09-21,786
405,  thiago freitas ,93170695509,thiago.freitas958@yahoo.com.br,,21/02/1989,Cabo de Santo Agostinho,2019-07-25,388
406,Rodrigo dos Almeida Alves,45557469613,,(81) 9355-8712,18/12/1954,Petrolina,2022-08-11,328
407,LARISSA GABRIELA DE SILVA,,larissa.silva255@hotmail.com,+55 81 98141-8095,29/06/2001,RECIFE,2019-11-20,541
408,Paulo Ribeiro,46191965761,paulo.ribeiro181@gmail.com,(81) 8730-1839,1962-06-19,Recife,2025-04-12,152
409,Renata Albuquerque,32060385024,RENATA.ALBUQUERQUE779@OUTLOOK.COM,(81) 9262-5688,1977-08-03,Olinda,2023-03-06,83
410,Ana Gabriela Freiats,73663257782,,(81) 8570-4651,1968-05-07,Camaragibe,2025-04-03,846
411,Juliana Brbosa Silva,042.357.318-74,,(81) 98237-4865,27/03/1957,Petrolina,2023-03-28,914
412,Antônio da Albuquerque Melo,76973577989,antonio.melo257@gmail.com,(81) 98390-1316,17/02/1973,Olinda,2023-06-23,120
413,João Vitória Ribeiro Souza,,,81998198878,16/11/2002,Paulista,2024-02-12,325
414,Marcos Roberto Pereira Rodrigues,,MARCOS.RODRIGUES934@HOTMAIL.COM,(81) 99566-6735,1950-08-22,Olinda,2023-08-22,870
415,João Eduarda Alves,69918724072,joao.alves73gmail.com,,1995-07-17,Paulista,2023-04-03,285
416,Gabriel do Rodrigues Araújo,12614993603,,81999230401,04/06/1985,Jaboatão dos Guararapes,2022-10-11,1039
417,Leonardo Gabriela do Lima,01632870827,leonardo.lima672@hotmail.com,(81) 99531-6317,18/12/1961,CABO DE SANTO AGOSTINHO,2024-04-28,13
418,Maria Freitas,59096459865,,(81) 8931-3539,18/11/1952,Jaboatão dos Guararapes,2020-11-30,703
419,Vinícius Helena da Carvalho,,vinicius.carvalho120@outlook.com,,,Jaboatão dos Guararapes,2020-08-17,194
420,Leonardo Miguel Araújo,83353910174,LEONARDO.ARAUJO699@YAHOO.COM.BR,(81) 8569-7819,1981-05-23,Recife,2023-09-14,645
421,Renata Monteiro Pereira,,,81992847175,14/10/1966,CARUARU,2019-11-06,1024
422,Beatriz Melo,57164682178,,81986338831,19/05/1992,RECIFE,2024-10-09,838
423,Priscila Eduarda dos Carvalho,80876038500,,(81) 98173-1803,06/04/1968,Camaragibe,2025-03-12,24
424,Priscila da Alves,22892074541,PRISCILA.ALVES7@OUTLOOK.COM,+55 81 99764-5899,,Cabo de Santo Agostinho,2019-01-06,932
425,Josefa Gomes,19817946975,josefa.gomes60@outlook.com,(81) 9762-9204,07/08/2001,Caruaru,2024-03-19,146
426,Juliana da Santos,03267149444,,+55 81 98465-1181,30/10/1955,CABO DE SANTO AGOSTINHO,2022-06-20,396
427,Severino da Costa Alves,,severino.alves463@gmail.com,+55 81 99697-8364,1952-03-28,Cabo de Santo Agostinho,2024-10-15,148
428,Letícia Cristina Ribeiro Lima,,leticia.lima146@gmail.com,,21/07/1963,JABOATÃO DOS GUARARAPES,2025-02-28,363
429,Felipe do Silva,,felipe.silva54@hotmail.com,(81) 98289-1083,,Jaboatão dos Guararapes,2024-06-06,601
430,Thiago Roberto do Monteiro Oliveira,36054946927,,81998867363,,Petrolina,2021-05-31,668
431,CAMLA LUIZA GOMES,,,(81) 99804-3477,09/03/1976,Olinda,2021-03-07,222
432,Larissa dos Ferreira,39271954050,larissa.ferreira786@yahoo.com.br,81997332948,1978-03-04,Petrolina,2023-08-20,921
433,Pedro Melo Oliveira,16343031057,pedro.oliveira647@gmail.com,,27/01/1971,Petrolina,2023-03-30,1009
434,JULIANA DA CVALCANTI MONTEIRO,35031365099,,81999619171,1960-09-25,PETROLINA,2023-12-02,129
435,Patrícia Augusto Melo Almeida,07223956712,patricia.almeida137@hotmail.com,81996412188,22/11/1983,Olinda,2023-11-29,919
436,Felipe Carvalho,93289802752,,,1991-11-18,Jaboatão dos Guararapes,2019-04-30,234
437,Juliana da Santos,,juliana.santos630@gmail.com,,1955-10-30,Cabo de Santo Agostinho,2022-10-19,396
438,Juliana Miguel Pereira Gomes,59027716765,juliana.gomes389@gmail.com,+55 81 98877-8271,1978-03-11,Recife,2021-10-15,101
439,Lucas Henrique de Lima Nascimento,600.858.949-15,lucas.nascimento848@yahoo.com.br,+55 81 99518-7279,16/02/1966,Olinda,2022-01-19,858
440,Adriana dos Souza Costa,,ADRIANA.COSTA5@YAHOO.COM.BR,(81) 9864-1831,,CABO DE SANTO AGOSTINHO,2022-02-15,673
441,GABRIL RIBEIRO FREITAS,86863375206,,(81) 98378-6437,21/11/1952,Petrolina,2022-08-06,59
442,Pedro Eduarda de Santos Carvalho,,pedro.carvalho74@hotmail.com,81994903241,1997-05-09,Olinda,2019-04-07,778
443,Carlos Augusto Lima Freitas,,carlos.freitas952@hotmail.com,(81) 8233-4899,23/09/1962,RECIFE,2019-12-14,34
444,Tatiane da Silva,,,(81) 99604-1411,1961-06-21,PAULISTA,2021-09-30,783
445,Antônio Luiza Carvalho,64842294060,antonio.carvalho42@outlook.com,(81) 98519-4417,,Jaboatão dos Guararapes,2024-11-22,107
446,Felipe Cristina de Barbosa Freitas,962.440.630-82,,(81) 8921-9706,1973-12-16,CABO DE SANTO AGOSTINHO,2023-09-20,317
447,Lucas Cristina dos Ferreira,445.947.612-67,lucas.ferreira429@gmail.com,(81) 8312-8742,26/03/1963,CABO DE SANTO AGOSTINHO,2022-10-25,800
448,Leonardo dos Albuquerque Alves,,leonardo.alves764@hotmail.com,81997304614,04/12/1988,Camaragibe,2022-01-02,585
449,Paulo Santos Barbosa,,,81983381379,1976-09-18,Petrolina,2024-11-29,738
450,Josefa Satnos,,josefa.santos532@gmail.com,+55 81 99874-6838,12/12/1985,Jaboatão dos Guararapes,2022-04-04,600
451,Ana Gabriela de Ferreira,248.274.635-30,,(81) 9146-0202,1987-01-25,Olinda,2025-07-14,992
452,José Cavalcanti Gomes,53342253908,jose.gomes772@hotmail.com,+55 81 98449-4026,,Jaboatão dos Guararapes,2024-11-04,1032
453,Antônio Aparecida Alves Freitas,,antonio.freitas413@yahoo.com.br,(81) 99648-6415,,Cabo de Santo Agostinho,2022-12-08,376
454,LEONARDO MIGUEL RODRIGUES,386.632.270-43,leonardo.rodrigues824@hotmail.com,+55 81 99676-3721,1962-01-24,Caruaru,2025-06-20,123
455,Francisca da Gomes,,francisca.gomes694@yahoo.com.br,(81) 8596-1772,20/12/1995,Paulista,2024-11-27,707
456,Vinícius Aparecida da Lima Almeida,94204664857,vinicius.almeida544@yahoo.com.br,+55 81 99669-3445,28/10/1986,Recife,2024-01-20,466
457,RODRIGO APARECIDA DO LIMA,67659645846,rodrigo.lima502@yahoo.com.br,(81) 9291-8821,06/04/1973,Camaragibe,2023-03-04,872
458,Rodrigo Melo Ferreira,,rodrigo.ferreira576@outlook.com,(81) 8471-3309,,Caruaru,2025-04-05,330
459,Beatriz Gomes,,,(81) 98534-3676,20/11/1975,Cabo de Santo Agostinho,2022-05-04,642
460,Camila do Silva Freitas,,camila.freitas664@outlook.com,+55 81 99441-8336,1964-05-06,Recife,2021-12-10,616
461,Paulo Freitas,63718923980,PAULO.FREITAS841@HOTMAIL.COM,,14/11/1961,Petrolina,2021-08-05,247
462,Marcos Clara do Barbosa Melo,535.852.386-37,marcos.melo449@gmail.com,,1951-07-23,Camaragibe,2019-04-09,448
463,MARCOS SANTOS,410.175.902-22,marcos.santos627@outlook.com,,,Jaboatão dos Guararapes,2024-12-03,283
464,Lucas Helena Oliveira,631.603.781-36,LUCAS.OLIVEIRA846@GMAIL.COM,+55 81 99058-4988,,Recife,2022-02-24,828
465,Francisca Augusto de Ribeiro Carvalho,751.258.379-62,,(81) 9201-7886,01/11/1968,PETROLINA,2023-06-28,841
466,MARIA ALMEIDA,37729420910,maria.almeida858@outlook.com,81996857008,28/01/1961,Camaragibe,2024-04-23,236
467,Letícia da Barbosa Carvalho,,leticia.carvalho701@yahoo.com.br,+55 81 99122-8828,1970-02-05,Camaragibe,2023-10-15,729
468,Carlos Miguel dos Nascimento,43903560200,carlos.nascimento5@outlook.com,+55 81 99285-3590,,Recife,2019-08-22,978
469,Gustav Eduarda Albuquerque Freitas,,gustavo.freitas965@yahoo.com.br,(81) 9936-1559,02/07/1981,Petrolina,2020-05-10,375
470,Gustavo Luiza Pereira,,gustavo.pereira328@hotmail.com,(81) 8572-5462,09/05/1965,Recife,2023-01-18,965
471,BRUNO COSTA,475.055.777-35,bruno.costa582@gmail.com,,15/04/1968,Olinda,2025-06-03,904
472,Mateus Eduarda Monteiro Cavalcanti,,,+55 81 98655-2124,21/10/1967,PAULISTA,2023-07-02,431
473,Bruno Miguel Ribeiro,,,81989916482,10/09/1983,CABO DE SANTO AGOSTINHO,2025-02-04,414
474,VINÍCIU DOS CARVALHO,,,,1978-05-30,Recife,2022-11-20,517
475,ADRIANA VITÓRIA SILVA,427.990.772-26,adriana.silva492@yahoo.com.br,+55 81 99242-9248,,Recife,2024-03-21,167
476,Beatriz Albuquerque Gomes,,beatriz.gomes336@yahoo.com.br,81992113349,18/07/1996,Olinda,2025-05-31,720
477,Pedro Roberto Cavalcanti,,pedro.cavalcanti70@outlook.com,+55 81 98082-8241,17/09/1995,PAULISTA,2025-07-26,392
478,Beatriz do Monteiro,39952970137,beatriz.monteiro2@hotmail.com,,24/09/1962,Camaragibe,2020-10-01,451
479,Fernanda Ribeiro Nascimento,,fernanda.nascimento896@hotmail.com,81993343421,09/11/1992,Camaragibe,2025-04-23,732
480,PRISCILA APARECIDA COSTA ALVES,404.762.539-69,priscila.alves944@outlook.com,81983573779,1957-10-19,Olinda,2020-04-27,792
481,Rodrigo Melo Ferreira,,rodrigo.ferreira576@outlook.com,+55 81 98471-3309,07/02/1956,Caruaru,2021-11-26,330
482,Renata Clara do Santos Souza,648.769.984-50,renata.souza567@hotmail.com,(81) 9568-1075,17/05/1971,Jaboatão dos Guararapes,2023-01-09,289
483,  letícia lma ,65249489125,leticia.lima718@outlook.com,(81) 99695-6119,1971-05-08,Jaboatão dos Guararapes,2019-04-08,995
484,Paulo do Nascmiento,,,(81) 98800-6415,,Paulista,2022-12-30,1012
485,Mateus dos Pereira Silva,753.703.045-64,mateus.silva128hotmail.com,(81) 99017-2983,1969-11-03,PAULISTA,2019-01-09,209
486,Maria Gabriela Cavalcanti,,maria.cavalcanti45@yahoo.com.br,+55 81 99947-4280,18/06/1986,Caruaru,2022-04-02,892
487,João Eduarda Alves,69918724072,joao.alves73@gmail.com,(81) 9666-3020,1995-07-17,PAULISTA,2023-02-15,285
488,Luiz Cristina Monteiro,,,,,Camaragibe,2022-06-14,657
489,Marcos Luiza Souza,579.980.284-59,marcos.souza352gmail.com,,,Recife,2020-06-02,268
490,Carlos Cristina dos Souza Melo,094.097.052-07,carlos.melo399@yahoo.com.br,,26/10/1950,Jaboatão dos Guararapes,2022-10-21,281
491,Tatiane Clara Alves,424.089.164-70,tatiane.alves225@hotmail.com,(81) 8740-3417,03/02/1979,Camaragibe,2020-12-22,251
492,Vinícius de Almeida Monteiro,,,+55 81 99706-2042,18/06/1982,Recife,2020-02-19,40
493,Pedro Alves Silva,,,81995856087,07/12/1964,CABO DE SANTO AGOSTINHO,2020-03-09,563
494,DIEGO CRISTIA DOS CAVALCANTI,,,(81) 9357-3458,01/01/2003,Petrolina,2021-10-20,407
495,Marcos Roberto Pereira Rodrigues,96856888856,marcos.rodrigues990@yahoo.com.br,81981172170,27/12/1996,CARUARU,2021-03-07,871
496,Adriana do Gomes Ribeiro,,adriana.ribeiro191@outlook.com,,1998-07-20,Jaboatão dos Guararapes,2024-09-08,213
497,JOSEFA PEREIRA,11420667033,,(81) 98252-9597,,Caruaru,2019-07-09,639
498,José Vitória Ferreira,611.178.006-95,,(81) 8880-6436,07/12/1963,Olinda,2022-08-25,125
499,José Araújo,42673512799,jose.araujo403@hotmail.com,(81) 99060-0605,27/12/1980,Paulista,2022-04-17,665
500,Paulo Helena Alves,,,(81) 99970-8648,22/01/1956,Recife,2023-07-06,79
501,Bruno Claar Almeida,41529821797,bruno.almeida958@hotmail.com,(81) 99132-1154,16/10/1990,Petrolina,2021-04-03,348
502,Camila dos Nascimento Ribeiro,897.226.934-41,,(81) 98082-9771,,Recife,2023-12-19,749
503,Amanda Gomes Carvalho,,amanda.carvalho602@gmail.com,(81) 9050-8769,29/07/1960,Paulista,2020-12-10,72
504,Francisca Roberto Barbosa,,,,25/11/1958,Cabo de Santo Agostinho,2020-12-25,659
505,Severino Helena de Araujo,,severino.araujo579@gmail.com,,,Paulista,2023-02-05,1023
506,Fernanda dos Barbosa Costa,,fernanda.costa264@outlook.com,,10/03/1960,Cabo de Santo Agostinho,2019-05-16,963
507,Leonardo Aparecida de Cavalcanti Barbosa,52945637111,,(81) 8889-7128,07/04/1954,CAMARAGIBE,2024-04-30,181
508,RENATA MONTEIRO PEREIRA,586.926.356-50,,+55 81 99284-7175,,Caruaru,2021-10-25,1024
509,Amanda da Ribeiro,,amanda.ribeiro485@outlook.com,,,Jaboatão dos Guararapes,2023-09-24,203
510,Diego Rodrigues,,,(81) 8507-8083,,CABO DE SANTO AGOSTINHO,2020-04-07,463
511,Felipe da Barbosa,76754813806,felipe.barbosa827@yahoo.com.br,81992936235,1992-07-26,Caruaru,2024-06-30,305
512,Josefa do Gomes,,josefa.gomes844@outlook.com,(81) 8737-9274,1990-09-16,Recife,2023-10-04,688
513,Vanessa Vitória de Pereira,89558770051,VANESSA.PEREIRA291@YAHOO.COM.BR,(81) 98802-4606,26/06/1973,Caruaru,2019-07-13,820
514,João de Ribeiro Lima,86333021288,JOAO.LIMA856@YAHOO.COM.BR,(81) 9425-0860,,Recife,2023-09-02,256
515,Gabriel Cristina dos Monteiro Araújo,,gabriel.araujo269@gmail.com,,12/06/1970,Recife,2024-11-08,537
516,Felipe Pereira,10405411510,felipe.pereira463@hotmail.com,+55 81 98539-9058,,Olinda,2021-02-17,89
517,João Clara Alves,91477447318,,+55 81 99196-6248,31/08/1962,CAMARAGIBE,2025-05-28,534
518,José Roberto Nascimento,12886690546,jose.nascimento143@outlook.com,+55 81 99977-4698,,Camaragibe,2021-06-21,816
519,Gabriel Eduarda de Souza Peerira,,gabriel.pereira540@outlook.com,(81) 98160-9380,1965-04-27,Caruaru,2023-09-10,242
520,Marcos Santos,30695165720,MARCOS.SANTOS666@GMAIL.COM,(81) 98369-6605,1960-07-29,PETROLINA,2021-06-26,852
521,Maria Melo,,MARIA.MELO427@OUTLOOK.COM,(81) 98164-1442,26/07/1991,Caruaru,2022-01-29,145
522,Renata Ferreira Barbosa,,renata.barbosa123@yahoo.com.br,+55 81 98480-5805,,Jaboatão dos Guararapes,2023-03-09,97
523,Beatriz Melo Rodrigues,,beatriz.rodrigues171@hotmail.com,(81) 99128-9519,10/09/2001,Cabo de Santo Agostinho,2022-06-18,867
524,Paulo Henrique Gomes,225.517.419-71,paulo.gomes648@hotmail.com,+55 81 99871-1678,,Camaragibe,2019-08-04,702
525,Luiz Eduarda de Nascimento Monteiro,198.074.682-64,,+55 81 99037-9393,1986-08-31,Caruaru,2020-01-12,475
526,Thiago Augusto da Alves Araújo,752.800.161-95,,(81) 8908-9966,16/06/1977,Cabo de Santo Agostinho,2020-10-26,834
527,Felipe Alves,,,+55 81 98164-2654,,CAMARAGIBE,2021-06-06,502
528,Vinícius Cavalcanti,17588914408,vinicius.cavalcanti346@outlook.com,(81) 99994-5889,26/01/1996,Paulista,2021-02-10,383
529,Fernanda Silva Ferreira,,,,02/03/1976,Jaboatão dos Guararapes,2024-09-12,787
530,Fernanda Clara Pereira Almeida,,fernanda.almeida869@outlook.com,,,RECIFE,2019-07-11,566
531,Leonardo Miguel da Freitas Melo,854.353.462-31,,81990609146,1956-07-05,Recife,2020-10-08,8
532,Aline Vitória Melo Araújo,023.315.998-31,aline.araujo791@yahoo.com.br,81983858350,1991-04-17,Caruaru,2019-10-02,935
533,João da Albuquerque,961.642.361-42,joao.albuquerque975@gmail.com,+55 81 98546-7382,08/11/1984,Petrolina,2023-02-14,191
534,Maria Oliveira,,maria.oliveira347@gmail.com,(81) 99406-9551,,Camaragibe,2021-04-20,200
535,Gustavo Lima,,GUSTAVO.LIMA874@YAHOO.COM.BR,,09/05/1994,Cabo de Santo Agostinho,2023-03-06,403
536,Beatriz de Monteiro,,beatriz.monteiro4@outlook.com,(81) 8631-4778,2003-08-12,OLINDA,2022-05-06,366
537,Mateus Albuquerque,68687937407,mateus.albuquerque63@gmail.com,,1995-01-17,Jaboatão dos Guararapes,2020-08-28,91
538,Vincíius Carvalho Ferreira,,,(81) 8312-8665,19/05/1965,Olinda,2020-03-29,220
539,Vinícius Vitória do Silva Souza,,,(81) 99740-3283,,Olinda,2023-03-11,850
540,Letícia Augusto Rodrigues Nascimento,14367286819,,,1969-07-11,Recife,2025-01-15,539
541,Carlos Helena Carvalho Silva,91344389988,carlos.silva65@hotmail.com,(81) 99772-7739,21/04/1950,JABOATÃO DOS GUARARAPES,2021-08-05,410
542,Ana Helena Melo Barbosa,,ana.barbosa754@yahoo.com.br,(81) 99535-8878,27/07/1963,Petrolina,2019-10-24,938
543,Vanessa dos Monteiro Silva,01424731038,,,07/02/1960,Olinda,2021-06-01,372
544,Francisca Gabriela Rodrigues,025.896.321-26,francisca.rodrigues341@yahoo.com.br,,1982-04-17,Cabo de Santo Agostinho,2023-10-25,482
545,Marcos Miguel Melo Lima,62314596838,marcos.lima61@gmail.com,,,Olinda,2021-06-08,853
546,Paulo Roberto Barbosa,,paulo.barbosa842@gmail.com,81985616837,1998-04-07,RECIFE,2023-11-18,108
547,Mateus Eduarda Barbosa Almeida,03638396827,mateus.almeida443@yahoo.com.br,81985917189,1951-06-03,Camaragibe,2023-04-20,1033
548,Josefa Rodrigues Alves,,JOSEFA.ALVES839@HOTMAIL.COM,+55 81 99873-9404,06/02/1999,CARUARU,2023-01-20,342
549,Letícia Augusto Melo,,leticia.melo579@gmail.com,81981851336,11/04/1989,Paulista,2022-10-28,750
550,JUIANA NASCIMENTO ALBUQUERQUE,566.593.983-84,juliana.albuquerque333@yahoo.com.br,(81) 9207-9882,,Cabo de Santo Agostinho,2024-05-30,133
551,Tatiane Monteiro,470.792.625-85,tatiane.monteiro762@gmail.com,(81) 98995-3880,22/01/1968,Olinda,2024-09-13,930
552,Camila Alves Ribeiro,39438040382,camila.ribeiro56@hotmail.com,(81) 98692-4047,,Petrolina,2021-05-31,371
553,Vanessa dos Souza Santos,663.436.294-75,vanessa.santos665@yahoo.com.br,(81) 8366-3625,1954-06-23,Paulista,2022-03-25,274
554,Larissa Miguel de Ribeiro,37416724325,larissa.ribeiro966@outlook.com,(81) 9419-7818,1983-10-28,OLINDA,2019-12-15,69
555,Gabriel de Silva,,gabriel.silva635@outlook.com,(81) 8291-7531,1977-06-02,Petrolina,2023-08-01,957
556,  aline cristina oliveira cavalcanti ,46004521272,aline.cavalcanti316@gmail.com,+55 81 98380-4206,16/07/1958,CAMARAGIBE,2019-06-16,405
557,ANTÔNOI LUIZA CARVALHO,64842294060,,(81) 8519-4417,01/08/1953,Jaboatão dos Guararapes,2024-12-12,107
558,Camila Melo Lima,34268344136,camila.lima700@outlook.com,(81) 9831-5038,14/06/1966,Petrolina,2023-05-28,278
559,Lucas Eduarda Souza Monteiro,,,,17/04/1968,Recife,2023-10-03,926
560,Jose Henrique Alves,,,+55 81 99446-5333,1974-08-24,Caruaru,2019-07-20,316
561,Jéssica Luiza Lima Ribeiro,320.222.711-49,JESSICA.RIBEIRO747@GMAIL.COM,+55 81 99244-8416,1993-12-20,Petrolina,2025-03-16,571
562,Priscila Helena Costa Monteiro,128.788.486-59,priscila.monteiro611@yahoo.com.br,(81) 8204-4165,1977-06-17,CARUARU,2025-01-22,472
563,Amanda Ferreira Oliveira,11235904270,amanda.oliveira817@yahoo.com.br,(81) 98619-5845,02/05/1991,Camaragibe,2022-12-04,687
564,Pedro Barbosa Lima,74117674170,pedro.lima851@hotmail.com,(81) 98390-7837,25/09/1981,Olinda,2019-02-02,296
565,Beatriz do Monteiro,061.592.738-68,beatriz.monteiro494@yahoo.com.br,(81) 8202-3633,04/12/1964,RECIFE,2020-03-14,452
566,Leonardo Miguel Rodrigues,,leonardo.rodrigues824@hotmail.com,(81) 99676-3721,,CARUARU,2024-05-05,123
567,Gustavo do Melo Carvalho,,gustavo.carvalho843@outlook.com,(81) 98505-0152,1991-02-24,JABOATÃO DOS GUARARAPES,2024-01-15,262
568,Diego Alves Costa,55262029418,diego.costa242@yahoo.com.br,+55 81 99610-7955,26/03/1995,Olinda,2025-06-29,903
569,Lucas Aparecida Freitas Cavalanti,625.916.011-94,,,13/04/1958,Caruaru,2024-05-14,468
570,Carlos dos Gomes Silva,991.573.806-43,,,,Petrolina,2022-06-05,869
571,Thiago Cistina Gomes,591.257.349-46,,+55 81 99094-3787,20/01/1970,Camaragibe,2025-05-27,528
572,Priscila Vitorai Ferreira,528.805.075-96,,,24/11/1957,Cabo de Santo Agostinho,2024-09-24,928
573,Vanessa Vitória da Cavalcanti,,vanessa.cavalcanti289@gmail.com,,14/11/1991,Recife,2021-02-11,991
574,Felipe Souza,89678082675,felipe.souza281@outlook.com,(81) 8395-3538,,Olinda,2025-07-24,644
575,Leonardo Helena da Alves Nascimento,061.790.670-07,,+55 81 98361-7648,,Recife,2021-01-16,802
576,Leticia Aparecida dos Silva,,leticia.silva982@hotmail.com,+55 81 98296-1745,1956-10-27,CARUARU,2023-09-28,715
577,JOÃO DOS LIMA RODRIGUES,,joao.rodrigues402@outlook.com,(81) 98569-2750,18/07/1996,Caruaru,2019-03-06,977
578,RAFAEL ALBUQUERQUE,45705682034,rafael.albuquerque355@hotmail.com,81992320142,01/08/1994,Recife,2024-10-17,479
579,Adriana Oliveira,84852008965,adriana.oliveira524@outlook.com,+55 81 99019-8604,1987-12-05,Olinda,2020-07-27,201
580,Rodrigo Almeida Olvieira,29715066658,,,29/09/1952,Caruaru,2020-01-14,395
581,Francsca dos Barbosa,017.086.715-36,,81996090639,,Olinda,2020-03-10,807
582,Rodrigo Vitória do Cavalcanti,,RODRIGO.CAVALCANTI564@YAHOO.COM.BR,,,Recife,2019-10-06,62
583,Josefa Lima,36851604868,josefa.lima773@gmail.com,,09/07/1973,Petrolina,2025-01-21,29
584,Amanda Rodrigues,,,(81) 99249-7036,,CARUARU,2020-07-04,93
585,BEATRIZ GABRIELA DA MELO OLVIEIRA,44920749295,beatriz.oliveira823@yahoo.com.br,81999217135,1983-09-21,Camaragibe,2021-07-02,426
586,JOSÉ CRISTINA ALVES,863.144.170-82,,+55 81 99308-2230,21/01/1964,Caruaru,2024-12-12,419
587,Aline do Rodrigues Freitas,701.732.086-73,,(81) 8746-8021,1989-11-24,Cabo de Santo Agostinho,2023-01-02,498
588,Rafael de Ribeiro Barbosa,27725320970,,(81) 9785-4828,1974-01-09,Cabo de Santo Agostinho,2024-12-04,969
589,Gabriel Eduarda Ribeiro,,,(81) 9923-7799,22/09/1977,Jaboatão dos Guararapes,2023-08-19,554
590,Beatriz Gabrilea do Ribeiro Alves,,beatriz.alves794@hotmail.com,(81) 98256-5651,1956-10-06,RECIFE,2020-11-10,112
591,Carlos Augusto de Ferreira,603.754.821-80,carlos.ferreira450@outlook.com,+55 81 99392-5378,1982-05-10,Paulista,2019-05-02,199
592,Aline Vitória do Pereira,940.375.353-60,ALINE.PEREIRA684@GMAIL.COM,(81) 8521-1016,1972-07-06,Caruaru,2023-02-21,994
593,Ana Gabriela Freitas,73663256782,,(81) 8570-4651,,Camaragibe,2019-02-12,846
594,João Monteiro Pereira,,,+55 81 98495-2817,13/10/1983,Petrolina,2022-10-18,237
595,Patrícia Silva,,,(81) 98622-4688,23/03/2002,Petrolina,2019-02-19,380
596,Pedro Gabriela de Costa Almeida,,,+55 81 99604-5568,15/04/2001,CARUARU,2021-08-27,824
597,GABRIEL DO FREIATS,,gabriel.freitas764@outlook.com,,20/01/1968,Jaboatão dos Guararapes,2022-05-20,988
598,Aline Nascimento Alves,35872717474,aline.alves115@hotmail.com,,06/08/1999,Olinda,2024-11-11,544
599,Vinícius Helena Oliveira Nascimento,452.607.569-83,,(81) 9849-2321,1969-11-03,Olinda,2020-09-08,614
600,Beatriz Barbosa,,beatriz.barbosa336@yahoo.com.br,+55 81 99043-0954,01/02/1954,Jaboatão dos Guararapes,2023-03-22,711
601,Paulo Almeida,513.251.790-00,paulo.almeida10@outlook.com,,17/06/1953,Caruaru,2019-10-11,774
602,JÉSSICA GABRIELA SILVA,164.485.959-96,JESSICA.SILVA304@HOTMAIL.COM,,10/12/1996,Paulista,2020-10-02,303
603,Lucas Cristina Oliveira Souza,64215226538,lucas.souza592@outlook.com,(81) 99422-1444,06/03/1993,Petrolina,2019-12-09,255
604,Francisca Aparecida de Araújo,93449734741,,+55 81 99336-2867,21/11/1983,Jaboatão dos Guararapes,2022-05-14,228
605,Adriana Carvalho,086.665.622-77,ADRIANA.CARVALHO464@OUTLOOK.COM,,,Cabo de Santo Agostinho,2019-03-03,558
606,Aline Cristina dos Cavalcanti Santos,498.671.101-61,,(81) 8046-2371,20/09/1970,Paulista,2023-09-30,923
607,João dos Lima Rodrigues,7372386152,joao.rodrigues402@outlook.com,81985692750,1996-07-18,Caruaru,2020-11-29,977
608,Bruno Miguel Carvalho,33956342703,bruno.carvalho438@yahoo.com.br,,18/04/1965,Jaboatão dos Guararapes,2025-06-03,520
609,Gabriel Rodrigues Santos,58831141481,GABRIEL.SANTOS319@YAHOO.COM.BR,+55 81 98343-6065,03/09/1963,Paulista,2022-04-10,630
610,Carlos Vitória da Rodrigues,,CARLOS.RODRIGUES708@HOTMAIL.COM,+55 81 98574-8789,21/05/1997,PETROLINA,2022-06-09,971
611,LEONARDO NASCIMENTO MELO,212.996.426-59,leonardo.melo882gmail.com,,07/08/1987,Jaboatão dos Guararapes,2020-12-01,489
612,Gustavo Gabriela da Almeida Ribeiro,,gustavo.ribeiro54@gmail.com,81994149324,04/07/1952,Recife,2023-08-30,224
613,  luiz santos ,,,+55 81 99748-1614,,JABOATÃO DOS GUARARAPES,2021-03-04,450
614,Letícia do Araújo Alves,754.602.734-98,,(81) 8276-5506,03/06/1976,OLINDA,2022-01-29,218
615,José Ferreira Pereira,,jose.pereira265@gmail.com,(81) 99738-3819,15/05/1983,OLINDA,2019-11-09,811
616,Severino Augusto dos Barbosa Monteiro,63880324271,severino.monteiro137@yahoo.com.br,+55 81 99266-8008,1959-11-17,PETROLINA,2021-06-02,1005
617,Felipe Luiza Silva Costa,29922809258,felipe.costa45@gmail.com,(81) 98866-5755,25/02/1966,Petrolina,2023-08-10,115
618,GUSTAVO FREITAS,84124118201,,,1980-10-05,Paulista,2023-02-21,9
619,Priscila Augusto Rodrigues Almeida,56213721312,priscila.almeida592@yahoo.com.br,,02/09/1954,Jaboatão dos Guararapes,2023-04-24,118
620,DIEOG SOUZA,90833428080,,(81) 9691-7985,1992-08-03,Caruaru,2023-12-24,176
621,Josefa Cristina de Alves Cavalcanti,35548147170,josefa.cavalcanti970@hotmail.com,(81) 9363-2716,1988-05-25,OLINDA,2022-11-17,950
622,Patrícia Henrique Araújo Carvalho,05149618055,patricia.carvalho108@yahoo.com.br,,1995-01-19,PETROLINA,2019-03-19,959
623,Maria Souza Albuquerque,04460819732,maria.albuquerque788@gmail.com,,1999-07-04,Paulista,2024-08-16,854
624,Carlos Augusto Rodrigues Monteiro,432.830.965-03,carlos.monteiro729@hotmail.com,+55 81 99668-9062,09/07/1976,Camaragibe,2019-08-08,96
625,Luiz Gabriela Pereira Cavalcanti,,,(81) 98726-1308,09/05/1987,Cabo de Santo Agostinho,2022-02-28,364
626,Patricia Araujo,,patricia.araujo763@hotmail.com,(81) 9405-1690,1989-07-16,Paulista,2023-02-09,689
627,Gabriel Rodriuges Santos,,gabriel.santos319@yahoo.com.br,(81) 98343-6065,03/09/1963,Paulista,2023-11-05,630
628,Patricia Gomes,,patricia.gomes443@outlook.com,(81) 9665-4219,07/09/1982,Caruaru,2021-05-12,863
629,Maria Rodrigues Albuquerque,86239453528,MARIA.ALBUQUERQUE384@OUTLOOK.COM,,1975-08-09,CABO DE SANTO AGOSTINHO,2021-03-30,370
630,Renata Ferreira Barbosa,684.602.235-07,renata.barbosa123yahoo.com.br,81984805805,,Jaboatão dos Guararapes,2024-06-28,97
631,Rodrigo Eduarda Melo Alves,,rodrigo.alves75@outlook.com,+55 81 98338-3012,07/08/1967,Paulista,2022-10-04,915
632,Patrícia Monteiro,,patricia.monteiro512@hotmail.com,,23/06/1975,Recife,2023-05-11,649
633,Bruno Vitória da Costa Barbosa,,BRUNO.BARBOSA276@GMAIL.COM,(81) 98268-6472,30/09/1962,Camaragibe,2025-07-02,154
634,Camila Augusto do Freitas,,camila.freitas891@yahoo.com.br,(81) 9040-2885,1982-09-17,Petrolina,2021-10-24,1017
635,Vanessa dos Souza Santos,,,,23/06/1954,Paulista,2021-07-16,274
636,Camila Luiza Gomes,67629160313,camila.gomes751@hotmail.com,(81) 9804-3477,,Olinda,2022-08-28,222
637,  lucas do cost carvalho ,807.412.094-54,,,11/08/1998,Recife,2020-02-11,205
638,Mateus Carvalho Gomes,706.325.031-06,,,19/01/1954,Camaragibe,2021-09-24,660
639,Vanessa Cravalho,,vanessa.carvalho328@gmail.com,81998053246,08/10/1979,Cabo de Santo Agostinho,2019-09-10,1018
640,Josefa Roberto do Souza Pereira,,josefa.pereira390@hotmail.com,81990503252,07/08/1966,Petrolina,2025-01-29,785
641,Pedro da Nascimento Rodrigues,94495742191,,+55 81 99007-4880,1983-12-18,PAULISTA,2023-05-06,972
642,Juliana Nascimento Albuquerque,,,(81) 9207-9882,,CABO DE SANTO AGOSTINHO,2019-01-27,133
643,ALINE APARECIDA DE ARAÚOJ,92809166374,,(81) 99430-3331,,Petrolina,2020-01-25,790
644,Aline de Costa Cavalcanti,337.773.126-14,ALINE.CAVALCANTI821@GMAIL.COM,+55 81 98425-9922,1995-09-29,Jaboatão dos Guararapes,2020-06-05,381
645,Thiago Pereira,,thiago.pereira775@gmail.com,+55 81 99603-8312,26/11/1972,Olinda,2024-10-25,333
646,Gustavo Lima,,,+55 81 99713-8919,14/12/1960,CABO DE SANTO AGOSTINHO,2019-03-16,402
647,DIEGO CLARA DA SOUZA,78999011461,diego.souza609@gmail.com,(81) 98704-1619,19/09/1976,Cabo de Santo Agostinho,2020-02-08,562
648,Maria Gabriela de Santos,,maria.santos455@outlook.com,,24/05/1980,Olinda,2023-05-31,936
649,Antônio Miguel Ferreira Monteiro,,,,1969-09-04,Jaboatão dos Guararapes,2019-09-18,3
650,  felipe gomes ,147.498.474-61,felipe.gomes145@yahoo.com.br,+55 81 98988-8068,,Paulista,2020-04-18,812
651,Amanda Augusto do Santos,96289365495,,,28/06/1999,Camaragibe,2022-08-15,310
652,Maria Robetro Carvalho,33738987738,maria.carvalho234outlook.com,81990505048,,PETROLINA,2022-09-14,219
653,  vinícius freitas ,184.514.627-15,vinicius.freitas739@gmail.com,(81) 9679-6882,11/01/1966,Olinda,2019-10-11,4
654,Mateus Henrique Araújo,,mateus.araujo720@hotmail.com,(81) 8466-6376,,Petrolina,2020-08-12,153
655,Antônio Gabriela do Freitas,,antonio.freitas783@outlook.com,(81) 9512-5900,,Cabo de Santo Agostinho,2023-08-06,362
656,Amanda Miguel do Santos Carvalho,,amanda.carvalho585@outlook.com,+55 81 98907-3756,,RECIFE,2020-11-19,551
657,Thiago Silva Freitas,,thiago.freitas406@outlook.com,,1972-06-26,JABOATÃO DOS GUARARAPES,2022-04-23,28
658,Letícia da Gomes,,leticia.gomes11@outlook.com,+55 81 99126-2038,1982-11-28,PETROLINA,2019-12-14,359
659,Adriana Vitória Silva,,adriana.silva492@yahoo.com.br,,28/08/1991,RECIFE,2025-01-30,167
660,Carlos Augusto Rodrigues Monteiro,43283096503,carlos.monteiro729@hotmail.com,(81) 99668-9062,1976-07-09,Camaragibe,2023-01-08,96
661,Severino Melo,409.916.508-67,severino.melo199@gmail.com,(81) 8634-0978,13/12/1986,Camaragibe,2019-03-05,833
662,Larissa dos Gomes Ferreira,,larissa.ferreira786@yahoo.com.br,(81) 9733-2948,04/03/1978,Petrolina,2021-01-31,921
663,Bruno Cristina de Lmia,56518871130,,,12/01/1955,Caruaru,2024-09-08,682
664,Larissa Clara dos Almeida Monteiro,,larissa.monteiro38@yahoo.com.br,81980286425,,PETROLINA,2021-11-13,494
665,Gabriel Ferreira Costa,,gabriel.costa459@yahoo.com.br,81980315074,1984-10-15,CAMARAGIBE,2019-11-24,747
666,TATIANE PEREIRA ALBUQUERQE,20632280190,,+55 81 99935-8272,26/08/1999,Recife,2020-08-05,804
667,Jéssica Luiza de Lima,,,(81) 9626-2923,,PETROLINA,2019-07-09,956
668,Gustavo Eduarda Ferreira Santos,43768550737,gustavo.santos784@yahoo.com.br,+55 81 98689-4415,18/06/1983,Jaboatão dos Guararapes,2021-08-03,387
669,João Gabriela do Monteiro,,JOAO.MONTEIRO189@GMAIL.COM,(81) 8251-9479,1964-06-03,Camaragibe,2022-12-20,1027
670,Josefa Henrique dos Albuquerque,572.562.926-00,josefa.albuquerque780@hotmail.com,,11/07/1997,CARUARU,2025-04-07,438
671,Renata Souza Ales,90257846409,renata.alves894@gmail.com,+55 81 99689-3186,26/03/1982,PAULISTA,2019-02-05,579
672,Thiago Henrique do Melo,,thiago.melo571@yahoo.com.br,+55 81 99359-8308,,Jaboatão dos Guararapes,2020-10-09,970
673,Lucas Cristina Oliveira Souza,64215226538,lucas.souza592@outlook.com,,06/03/1993,Petrolina,2020-07-01,255
674,Thiago Luiza Alves,,,,12/11/1967,Paulista,2020-12-22,215
675,Jéssica Lima Carvalho,83415599949,jessica.carvalho714@gmail.com,(81) 98247-4724,1981-11-05,Cabo de Santo Agostinho,2020-09-15,294
676,Letícia Araújo Alves,75460273498,,81982765506,03/06/1976,Olinda,2025-07-03,218
677,João da Melo,,,,30/08/1957,Jaboatão dos Guararapes,2022-10-14,908
678,Pedro Cavalcanti,790.070.455-80,PEDRO.CAVALCANTI611@OUTLOOK.COM,81999098868,30/04/1987,Cabo de Santo Agostinho,2023-01-31,883
679,Priscila Aparecida Costa Alves,404.762.539-69,PRISCILA.ALVES944@OUTLOOK.COM,(81) 8357-3779,19/10/1957,Olinda,2022-04-23,792
680,Adriana Helena do Monteiro,679.298.842-10,,+55 81 99961-2338,1986-03-23,OLINDA,2021-08-27,282
681,Lucas Clara Oliveira Alves,276.829.751-80,,+55 81 98925-9327,,CABO DE SANTO AGOSTINHO,2023-03-17,367
682,ANTÔNIO LUIZA SOUZA OLIVEIRA,75957498831,,+55 81 99767-3426,,Camaragibe,2025-01-29,394
683,Gabriel Melo Fererira,,,(81) 98494-4053,,Camaragibe,2025-03-25,666
684,Larissa da Costa,07851699460,,,08/05/1951,Caruaru,2020-10-14,476
685,Pedro Augusto dos Alves,36481875463,,81993425390,27/05/1974,Jaboatão dos Guararapes,2020-06-04,596
686,Maria dos Barbosa Cavalcanit,24227496667,,81989979457,1996-04-26,Paulista,2024-05-28,1037
687,Paulo Miguel Almeida,,paulo.almeida44@yahoo.com.br,,24/06/1963,JABOATÃO DOS GUARARAPES,2020-04-05,593
688,Patrícia Roberto Oliveira Lima,,patricia.lima610@outlook.com,(81) 98887-1640,1960-05-28,Recife,2020-08-17,156
689,Amanda da Melo,85488064435,amanda.melo113@hotmail.com,+55 81 98142-8755,31/10/1984,Jaboatão dos Guararapes,2023-06-24,522
690,FELIPE SILVA,,,81982891083,22/08/2001,Jaboatão dos Guararapes,2019-01-01,601
691,Renata Cavalcanti,,,81990593933,19/06/1964,Jaboatão dos Guararapes,2025-03-14,699
692,Pedro Henrique dos Melo Alves,28575958240,pedro.alves449@gmail.com,81986011280,14/11/1962,Olinda,2024-01-25,538
693,Rodrigo dos Ribeiro,,rodrigo.ribeiro478@gmail.com,81997384622,24/09/1963,Camaragibe,2025-03-06,48
694,Renata Vitória Araújo,,renata.araujo714@gmail.com,+55 81 99220-6916,1951-06-15,Camaragibe,2023-12-25,263
695,GUTSAVO EDUARDA FERREIRA SANTOS,900.159.446-89,GUSTAVO.SANTOS913@HOTMAIL.COM,(81) 8739-6658,27/02/2004,Camaragibe,2021-06-21,386
696,Gustavo Nascimento Costa,14737996513,gustavo.costa851@gmail.com,,25/04/1966,Cabo de Santo Agostinho,2024-06-24,18
697,JOSEFA GOMES,19817946975,josefa.gomes60@outlook.com,(81) 99762-9204,,Caruaru,2022-02-27,146
698,Adriana Araújo,05962751965,adriana.araujo912@hotmail.com,(81) 99264-5890,10/05/1972,RECIFE,2019-10-14,813
699,Josefa Araújo,,josefa.araujo441@gmail.com,(81) 99032-3521,23/06/2002,Caruaru,2025-02-21,716
700,BRUNO APARECIDA DE ALBUQUERQUE PEREIRA,,bruno.pereira147@hotmail.com,+55 81 99242-7627,,Jaboatão dos Guararapes,2023-11-04,353
701,  rodrigo almeida ,,rodrigo.almeida195@gmail.com,+55 81 99401-2257,1958-08-14,RECIFE,2019-07-07,765
702,GUSTAVO SOUZA SANTOS,,,,,Caruaru,2022-07-09,484
703,Rafael Helena do Oliveira Albuquerque,,rafael.albuquerque742@hotmail.com,,15/11/1979,Camaragibe,2021-04-17,61
704,  camila augusto cavalcanti ,04998878247,camila.cavalcanti373@yahoo.com.br,,08/05/1982,Camaragibe,2023-11-04,944
705,João Rodrigues,64518376013,joao.rodrigues566@yahoo.com.br,81990096131,05/02/1958,Paulista,2024-07-06,185
706,Adriana Miguel dos Silva Pereira,36884157798,adriana.pereira66@gmail.com,,1997-03-20,Camaragibe,2025-04-04,1041
707,Carlos do Alves Oliveira,94414925312,carlos.oliveira157@gmail.com,+55 81 98924-7354,1998-07-31,Jaboatão dos Guararapes,2019-05-31,733
708,Ana Eduarda da Oliveira,,ana.oliveira558@outlook.com,,23/09/1981,Camaragibe,2022-11-08,945
709,Patrícia Helena dos Barbosa Lima,691.362.483-20,patricia.lima415@outlook.com,,08/11/1982,CAMARAGIBE,2025-04-05,417
710,Tatiane Lima Santos,,TATIANE.SANTOS427@GMAIL.COM,+55 81 98197-5464,25/03/1997,Jaboatão dos Guararapes,2024-08-06,723
711,Mateus dos Nascimento,,mateus.nascimento416@outlook.com,(81) 99500-7630,1987-06-11,Caruaru,2020-09-25,979
712,Antônio Aparecida Albuquerque Ribeiro,904.774.258-36,antonio.ribeiro138@outlook.com,+55 81 99603-1966,19/03/1994,Paulista,2022-05-18,335
713,Rodrigo do Pereira,,rodrigo.pereira716@gmail.com,,1989-10-12,Jaboatão dos Guararapes,2020-06-16,186
714,Antônio Monteiro,77264883957,antonio.monteiro147@outlook.com,+55 81 99077-8653,19/09/1999,Caruaru,2019-12-11,533
715,Aline Aparecida Nascimento,68621103250,,81987935788,02/09/1954,Caruaru,2021-10-18,246
716,ANA CRISTINA SOUZA,872.333.510-66,ana.souza698@outlook.com,+55 81 99971-3216,15/09/1986,Olinda,2020-11-03,411
717,THIAGO AUGUSTO RIBEIRO,16184959336,thiago.ribeiro550@gmail.com,81987646997,,OLINDA,2022-07-16,2
718,Gustavo do Rodrigues,963.834.657-40,,(81) 8831-8332,1970-02-27,Olinda,2021-09-01,5
719,Tatiane da Almeida,66196399098,TATIANE.ALMEIDA871@YAHOO.COM.BR,,29/05/1988,Olinda,2021-03-04,212
720,Camila Costa Barbosa,49368063583,camila.barbosa663@outlook.com,(81) 98063-5699,1957-08-03,Recife,2024-08-25,712
721,Gustavo Gomes Araújo,,GUSTAVO.ARAUJO701@HOTMAIL.COM,(81) 98548-7014,,Cabo de Santo Agostinho,2019-08-16,760
722,Josefa Albuquerque Monteiro,06559428214,,+55 81 98278-4275,1988-05-29,Caruaru,2021-08-26,442
723,Vanessa Roberto Almeida,,vanessa.almeida113@gmail.com,+55 81 98174-9213,09/11/1978,Paulista,2025-03-10,248
724,Lucas Carvalho Rodrigues,26139557402,,+55 81 98397-8549,20/03/1995,Recife,2023-08-26,1029
725,SEVERINO DA COSTA ALVES,43842150377,severino.alves463gmail.com,(81) 99697-8364,28/03/1952,Cabo de Santo Agostinho,2019-07-08,148
726,Pedro Cavalcanti,,,+55 81 99909-8868,1987-04-30,Cabo de Santo Agostinho,2020-05-22,883
727,Marcos Gabriela Santos Albuquerque,,marcos.albuquerque300@outlook.com,(81) 8172-3916,1972-08-26,Cabo de Santo Agostinho,2021-10-13,20
728,Gustavo Silva,587.238.368-14,gustavo.silva587@gmail.com,+55 81 98164-3306,1957-11-21,Camaragibe,2020-01-27,755
729,  felipe souza ,89678092675,felipe.souza281@outlook.com,(81) 8395-3538,29/10/1961,Olinda,2023-04-19,644
730,Patrícia Henrique Araújo Carvalho,05149618055,patricia.carvalho108@yahoo.com.br,(81) 98566-4201,19/01/1995,Petrolina,2022-01-23,959
731,Rodrigo Monteiro Albuquerque,54218808775,rodrigo.albuquerque713@gmail.com,81984949913,1971-07-17,CAMARAGIBE,2022-02-27,495
732,Vinícius do Cavalcanti Monteiro,74491609357,vinicius.monteiro720@yahoo.com.br,,06/01/1962,Recife,2022-11-05,422
733,VANESSA CARVALHO,872.363.411-18,vanessa.carvalho328@gmail.com,(81) 99805-3246,1979-10-08,Cabo de Santo Agostinho,2025-07-13,1018
734,Beatriz Augusto Ribeiro,74127469285,BEATRIZ.RIBEIRO499@GMAIL.COM,,22/06/1999,Jaboatão dos Guararapes,2024-01-15,478
735,Maria da Albuquerque Santos,757.123.691-68,,(81) 98307-0354,16/07/1957,Jaboatão dos Guararapes,2025-06-27,460
736,Rodrigo dos Alves Araújo,,rodrigo.araujo193@hotmail.com,+55 81 99810-5511,06/04/1954,Petrolina,2022-04-29,815
737,Vanessa Eduarda Cavalcanti,,vanessa.cavalcanti388@hotmail.com,(81) 98245-6621,1963-10-17,PETROLINA,2025-07-26,413
738,Tatiane Eduarda Silva Pereira,218.169.814-78,tatiane.pereira920@gmail.com,+55 81 99006-1359,14/07/1974,CABO DE SANTO AGOSTINHO,2020-05-28,632
739,Mateus Henrique Barbosa,21928554431,mateus.barbosa199@outlook.com,81997932170,2002-01-14,Caruaru,2020-06-21,174
740,Patrícia Ribeiro Silva,,,,,Caruaru,2025-01-03,19
741,Juliana Cristina Barbosa Cavalcanti,,juliana.cavalcanti651@gmail.com,(81) 8876-8803,2004-04-25,Cabo de Santo Agostinho,2022-05-22,230
742,Aline de Costa Cavalcanti,,aline.cavalcanti821@gmail.com,(81) 8425-9922,1995-09-29,Jaboatão dos Guararapes,2021-07-12,381
743,CARLOS AUGUSTO LIMA FREITAS,,carlos.freitas946@gmail.com,(81) 98410-1401,1986-11-09,CARUARU,2025-03-30,33
744,Camila Henrique dos Oliveira Alves,20643711037,camila.alves681@hotmail.com,(81) 8261-5189,,Paulista,2020-02-24,77
745,João Monteiro Pereira,277.423.330-58,,(81) 98495-2817,1983-10-13,Petrolina,2020-01-03,237
746,Gustavo Freitas,92962229239,,81993786127,1982-09-07,Paulista,2025-05-25,41
747,JOSEFA SANTOS,,josefa.santos532@gmail.com,,,Jaboatão dos Guararapes,2019-10-25,600
748,Ana Albuquerque Nascimento,,ana.nascimento474@hotmail.com,(81) 99186-4697,10/12/1955,JABOATÃO DOS GUARARAPES,2022-06-16,147
749,Renata Costa,,renata.costa673@hotmail.com,(81) 99988-1655,,CARUARU,2024-07-09,87
750,Priscila Souza Carvalho,,,,12/01/1995,Caruaru,2024-05-12,647
751,Mateus Ferreira,390.058.561-06,MATEUS.FERREIRA362@OUTLOOK.COM,81995111666,,Olinda,2023-05-29,542
752,Camila Clara da Melo Almeda,097.499.309-32,,(81) 99759-0318,10/02/1984,Jaboatão dos Guararapes,2024-12-23,53
753,Leonrado Eduarda Barbosa Araujo,066.002.604-08,leonardo.araujo82@yahoo.com.br,(81) 8348-6435,,Camaragibe,2020-12-28,1010
754,Diego Araújo,75602080104,,,14/09/1966,Olinda,2021-07-11,574
755,Carlos Araújo,73563163154,carlos.araujo79@hotmail.com,,,Cabo de Santo Agostinho,2019-02-23,700
756,José Aparecida Freitas Souza,711.592.124-57,jose.souza503@outlook.com,81997802533,1976-06-16,Cabo de Santo Agostinho,2024-02-01,32
757,Amanda Santos,455.834.559-34,amanda.santos348@outlook.com,(81) 99460-0925,22/10/1966,Olinda,2025-04-14,884
758,THIAGO NASCIMENTO,,,(81) 98673-1263,1970-05-02,Caruaru,2024-08-02,347
759,Severino Pereira,42284834965,,,20/10/1986,Recife,2019-02-03,730
760,Vanessa de Nascimento,62303974470,,,1993-09-22,Recife,2020-01-15,604
761,FELIPE HELENA FERREIR MONTEIRO,354.346.858-81,felipe.monteiro561@yahoo.com.br,(81) 9938-6111,06/05/1952,Petrolina,2020-06-19,643
762,Bruno de Almeid Oliveira,,bruno.oliveira215@outlook.com,(81) 8717-3741,1958-09-16,Caruaru,2025-04-10,611
763,Luiz Clara Souza,,luiz.souza235@yahoo.com.br,,24/07/2003,Recife,2021-03-07,352
764,Josefa Vitória do Melo Souza,60435983962,josefa.souza706@outlook.com,81995504202,13/05/2004,Petrolina,2021-06-12,797
765,Severino dos Monteiro Santos,394.640.830-34,severino.santos837@hotmail.com,(81) 98801-8837,1985-08-13,Recife,2022-06-08,400
766,Larissa Gabriela Monteiro Santos,66013824185,larissa.santos681@hotmail.com,(81) 98149-3455,,Paulista,2019-12-19,308
767,Bruno Gabriela Freitas Alvse,916.077.004-09,bruno.alves255@gmail.com,,1977-12-11,Caruaru,2023-04-15,603
768,Adrinaa Roberto Nascimento Ferreira,,adriana.ferreira843@gmail.com,81994880374,1975-04-20,Paulista,2024-04-21,893
769,Maria Henrique do Cavalcanti Oliveira,68017703147,,(81) 99495-3472,13/07/1953,Caruaru,2022-08-24,572
770,  josefa gomes ,19351174590,,81987379274,16/09/1990,Recife,2023-11-03,688
771,Thiago do Rodrigues Silva,,thiago.silva366@outlook.com,(81) 9559-0157,,Jaboatão dos Guararapes,2022-06-24,44
772,Tatiane Miguel Silva,,tatiane.silva60@outlook.com,(81) 98942-1177,1994-02-28,Olinda,2022-03-16,661
773,Larissa de Freitas Albuquerque,,larissa.albuquerque340@gmail.com,81999985310,1985-08-04,Caruaru,2019-12-18,65
774,Paulo Ferreira,557.083.682-92,paulo.ferreira6@gmail.com,+55 81 99017-5798,1975-07-07,Petrolina,2022-04-13,443
775,LUIZ NASCIMENTO,,luiz.nascimento892@outlook.com,(81) 98876-4910,1974-06-15,Petrolina,2020-09-19,731
776,Juilana Nascimento Albuquerque,,juliana.albuquerque333@yahoo.com.br,(81) 99207-9882,1990-08-03,Cabo de Santo Agostinho,2019-06-04,133
777,Marcos Melo Freitas,39089261303,marcos.freitas600@yahoo.com.br,,,CAMARAGIBE,2024-05-19,190
778,Diego Rodrigues,68839062408,diego.rodrigues548@yahoo.com.br,81985078083,19/04/1997,Cabo de Santo Agostinho,2023-07-28,463
779,  gustavo da pereira freitas ,,gustavo.freitas953@yahoo.com.br,81992720309,,Caruaru,2024-06-22,244
780,Patrícia Augusto de Costa Albuquerque,218.785.193-10,patricia.albuquerque593outlook.com,(81) 99561-2422,22/02/1974,Recife,2019-09-19,345
781,Felipe Eduarda Cavalcanti,,FELIPE.CAVALCANTI645@OUTLOOK.COM,(81) 98899-2069,20/07/1981,Petrolina,2020-01-26,602
782,Francisca Helena da Rodrigues,,,81985670160,07/08/1998,Paulista,2025-06-05,742
783,Jose Vitoria Ferreira,61117800695,,(81) 98880-6436,07/12/1963,Olinda,2025-04-29,125
784,SEVERINO APARECIDA PEREIRA LIMA,,,,1977-08-04,Cabo de Santo Agostinho,2021-07-14,718
785,  diego lima ,,diego.lima936@hotmail.com,(81) 8042-9286,1987-07-19,Caruaru,2020-07-05,725
786,Gustavo da Oliveira Barbosa,32856914683,GUSTAVO.BARBOSA944@HOTMAIL.COM,,,Petrolina,2024-07-26,80
787,Leonardo Rodrigues,,,81993990383,,Camaragibe,2025-02-22,617
788,Lucas Gomes Araújo,,lucas.araujo962@outlook.com,(81) 98203-1723,20/09/1985,Camaragibe,2021-09-24,30
789,Rodrigo Monteiro Albuquerque,,RODRIGO.ALBUQUERQUE713@GMAIL.COM,(81) 8494-9913,17/07/1971,CAMARAGIBE,2021-09-13,495
790,Priscila Roberto Carvalho Alves,,,+55 81 98295-8971,1958-10-07,Paulista,2025-06-23,726
791,Maria Freitas,,maria.freitas208@yahoo.com.br,(81) 98140-3456,16/07/2004,Petrolina,2024-02-15,141
792,Juliana Vitória Rodrigues Albuquerque,80473148307,,81990390262,03/04/1991,Cabo de Santo Agostinho,2024-01-15,864
793,Leonardo Monteiro Nascimento,71774490510,leonardo.nascimento155@gmail.com,+55 81 99549-3506,1990-07-18,RECIFE,2024-01-17,38
794,Lucas Helena Oliveir,,lucas.oliveira846@gmail.com,81990584988,1989-06-06,Recife,2024-07-12,828
795,Luiz Cavalcanti,907.280.123-75,luiz.cavalcanti295@outlook.com,,16/08/2001,Paulista,2024-09-06,361
796,Letícia Miguel dos Carvalho Lima,,leticia.lima779@yahoo.com.br,(81) 8472-7069,08/09/1958,Recife,2020-10-14,50
797,Gabriel Melo Ferreira,421.291.465-46,gabriel.ferreira264@gmail.com,,,Camaragibe,2022-01-09,666
798,Patrícia da Barbosa,,,(81) 9839-1668,1956-10-16,Recife,2024-02-21,821
799,Tatiane Gabriela Oliveira Pereira,,tatiane.pereira956@outlook.com,81996837618,1982-05-06,Camaragibe,2019-01-15,1006
800,Gabriel Eduarda Ribeiro,18151985402,,81999237799,22/09/1977,Jaboatão dos Guararapes,2022-03-29,554
801,Gustavo Augusto Oliveira,456.424.008-00,gustavo.oliveira453@hotmail.com,81989622144,04/02/1992,RECIFE,2023-11-26,126
802,Carlos Augusto Rodrigues Monteiro,432.830.965-03,,,1976-07-09,Camaragibe,2021-01-19,96
803,ADRIANA DO ALBUQUERQUE GOMES,008.248.458-97,,,,Paulista,2023-05-18,530
804,Amanda Rodriguse,,amanda.rodrigues413@yahoo.com.br,,1951-10-25,Caruaru,2024-10-16,93
805,Aline da Monteiro Alves,30174268408,,,24/10/1969,Paulista,2022-06-16,57
806,Jéssica dos Gomes Almeida,604.903.764-79,,81995420135,09/08/1988,Olinda,2022-07-06,849
807,Letícia Albuquerque,363.745.458-00,leticia.albuquerque408@hotmail.com,,06/05/1954,Recife,2020-06-24,76
808,Amanda Alves,,amanda.alves952@yahoo.com.br,(81) 99294-1849,11/06/1995,Jaboatão dos Guararapes,2024-07-03,900
809,Tatiane Cristina Freitas,541.597.099-15,TATIANE.FREITAS202@YAHOO.COM.BR,(81) 99225-4614,1972-09-02,Paulista,2022-01-22,358
810,Josea da Rodrigues Oliveira,,josefa.oliveira837@outlook.com,(81) 98891-2090,05/11/1953,Caruaru,2024-09-02,543
811,  josefa nascimento ,55727738245,,81993520363,23/11/1952,Olinda,2020-05-20,318
812,Adriana Luiza Cavalcanti,50373145349,adriana.cavalcanti962@gmail.com,81997377344,30/05/1982,Petrolina,2020-12-13,113
813,CAMILA HENRIQUE DOS SANTOS LIMA,,camila.lima362@hotmail.com,81987982778,,RECIFE,2025-02-15,170
814,Mateus dos Pereira Silva,75370304564,mateus.silva128@hotmail.com,,,Paulista,2021-11-29,209
815,Pedro Barbosa Lima,,,,25/09/1981,Olinda,2019-10-31,296
816,  antôni lima ,,antonio.lima906@gmail.com,(81) 8827-9619,08/07/1966,Recife,2024-06-28,949
817,Lucas do Almeida Ribeiro,68971527307,lucas.ribeiro291@hotmail.com,(81) 98014-0276,25/02/1951,CARUARU,2023-04-26,229
818,Adriana Ribeiro,14619953962,adriana.ribeiro769@outlook.com,81996304688,,Petrolina,2024-12-29,606
819,Patrícia da Nascimento Araújo,014.388.899-41,,,1985-02-02,Cabo de Santo Agostinho,2020-08-03,70
820,Jéssica Albuquerque Silva,640.511.021-49,JESSICA.SILVA415@HOTMAIL.COM,81990435498,1967-08-04,Camaragibe,2020-08-05,561
821,Letícia Luiza do Oliveira,27534183901,,(81) 9578-0632,01/05/2000,RECIFE,2023-09-19,1030
822,Jéssica Silva Freitas,91611863848,JESSICA.FREITAS375@OUTLOOK.COM,+55 81 99846-2926,1999-05-26,Olinda,2022-10-23,490
823,Gustavo Augusto Alves,99400410808,gustavo.alves621@outlook.com,,21/06/1970,Caruaru,2023-01-12,653
824,Adriana dos Souza Costa,87308972038,,(81) 99864-1831,,Cabo de Santo Agostinho,2024-05-23,673
825,Maria Roberto Oliveira,,,,30/10/1995,Recife,2020-02-29,279
826,Paulo dos Ribeiro,36134074500,PAULO.RIBEIRO560@GMAIL.COM,,05/04/1971,Paulista,2022-12-07,74
827,Renata Clara do Santos Souza,,renata.souza567@hotmail.com,81995681075,17/05/1971,Jaboatão dos Guararapes,2022-01-28,289
828,Bruno Ferreira,848.421.993-34,bruno.ferreira848hotmail.com,81997818795,1970-03-31,PAULISTA,2024-05-09,55
829,Gabriel Cavalcanti,,gabriel.cavalcanti976@gmail.com,(81) 98836-0693,09/06/1950,Recife,2022-10-26,940
830,Renata Pereira Rodrigues,,renata.rodrigues981@gmail.com,(81) 8804-8549,04/03/1975,CAMARAGIBE,2019-10-18,974
831,Carlos Henrique Monteiro,90627989500,carlos.monteiro256@hotmail.com,,13/06/1992,Paulista,2020-08-29,951
832,Gabriel da Albuquerque,24967183220,gabriel.albuquerque668@outlook.com,(81) 8822-6254,,PETROLINA,2022-01-24,207
833,Gabriel Rodrigues Souza,10427974984,,(81) 98934-1725,2002-06-11,Jaboatão dos Guararapes,2020-04-10,905
834,Pedro Cavalcanti,79007045580,PEDRO.CAVALCANTI611@OUTLOOK.COM,,30/04/1987,Cabo de Santo Agostinho,2021-04-07,883
835,Marcos Vitória Ribeiro Carvalho,691.953.016-31,marcos.carvalho771@outlook.com,,1997-01-18,Petrolina,2024-01-01,856
836,Ana da Ferreira,69087167245,,(81) 98083-7240,1972-10-11,Caruaru,2019-01-26,548
837,Vanessa Aparecida de Ribeiro,,vanessa.ribeiro124@yahoo.com.br,+55 81 98796-0165,23/08/1993,Recife,2025-06-02,508
838,Marcos Aparecida Melo,,,81999170240,29/07/1953,Petrolina,2019-02-27,488
839,LETÍCIA LUIZA ARAÚJO FERREIRA,,,+55 81 98128-4542,26/11/1998,Jaboatão dos Guararapes,2022-01-26,261
840,Bruno de Melo,,,(81) 98188-0875,,Jaboatão dos Guararapes,2022-10-13,161
841,RODRIGO APARECIDA DO LIMA,676.596.458-46,rodrigo.lima502@yahoo.com.br,(81) 99291-8821,06/04/1973,Camaragibe,2022-09-25,872
842,Leonardo Aparecida de Cavalcanti Barbosa,52945637111,leonardo.barbosa831@hotmail.com,+55 81 98889-7128,07/04/1954,Camaragibe,2021-01-09,181
843,Josefa Rodrigues Costa,553.795.020-08,,(81) 98032-1404,1965-07-27,PETROLINA,2023-12-29,208
844,Gustavo Gabriela Pereira Almeida,28639420181,gustavo.almeida458@hotmail.com,81988243782,16/07/1974,Olinda,2021-12-10,580
845,Priscila Aparecida de Silva,,priscila.silva64@gmail.com,,28/09/1967,CABO DE SANTO AGOSTINHO,2023-11-10,85
846,Fernanda dos Lima,08996469211,,,31/10/1970,Caruaru,2024-01-25,848
847,Marcos Clara do Barbosa Melo,,MARCOS.MELO449@GMAIL.COM,81986777834,23/07/1951,Camaragibe,2020-10-29,448
848,Camila Henrique dos Santos Lima,472.928.422-40,camila.lima362@hotmail.com,(81) 8798-2778,1960-06-28,Recife,2020-04-05,170
849,Maria Helena de Ribeiro,,maria.ribeiro114@yahoo.com.br,(81) 8394-3992,1952-05-14,Paulista,2021-03-15,899
850,Rodrigo Albuquerque,,rodrigo.albuquerque831@outlook.com,+55 81 99039-2316,26/11/2000,Caruaru,2021-01-18,753
851,Camila Clara da Melo Almeida,,camila.almeida816@yahoo.com.br,,10/02/1984,Jaboatão dos Guararapes,2021-04-15,53
852,Pedro Rodrigues,,,+55 81 99010-4288,30/01/1974,CABO DE SANTO AGOSTINHO,2024-07-23,67
853,Adriana Brabosa Freitas,15975729262,adriana.freitas214@yahoo.com.br,+55 81 98350-5115,1995-09-02,PETROLINA,2022-05-13,631
854,Gabriel Souza Monteiro,,gabriel.monteiro853@yahoo.com.br,(81) 99287-1010,06/02/1967,Jaboatão dos Guararapes,2021-09-05,25
855,Larissa Miguel de Alves,41849378452,larissa.alves397@yahoo.com.br,,24/08/1954,Cabo de Santo Agostinho,2024-05-10,531
856,BEATRIZ ROBERTO DO OLIVEIRA,45605956310,,(81) 8299-9928,13/03/1995,Recife,2020-10-20,768
857,Renata Vitória Cavalcanti Lima,,renata.lima497@yahoo.com.br,(81) 9646-4862,14/01/2000,PAULISTA,2022-05-14,297
858,Aline Alves,214.477.324-64,ALINE.ALVES292@OUTLOOK.COM,(81) 98777-3709,,Jaboatão dos Guararapes,2019-04-16,295
859,Gustavo dos Melo,469.021.774-22,gustavo.melo882@gmail.com,(81) 8884-1457,1966-11-23,Recife,2023-05-20,514
860,Larissa da Costa,07851699460,larissa.costa289@yahoo.com.br,,1951-05-08,Caruaru,2019-10-25,476
861,Mateus Costa,,,(81) 8822-2944,1989-10-29,RECIFE,2024-01-23,662
862,Priscila Melo,192.969.210-23,priscila.melo753@outlook.com,(81) 98083-5187,05/02/1993,Olinda,2019-08-10,803
863,Lucas Gabriela Oliveira,58466879382,lucas.oliveira698@gmail.com,(81) 8021-6764,1963-08-09,CARUARU,2019-09-08,672
864,Larissa Cristina Lima Silva,347.910.059-70,LARISSA.SILVA542@HOTMAIL.COM,(81) 9180-0927,1994-03-01,JABOATÃO DOS GUARARAPES,2022-09-18,724
865,  pedro helena da albuquerque ,,PEDRO.ALBUQUERQUE757@GMAIL.COM,,14/12/2000,Olinda,2021-08-22,56
866,Lucas Almeida Rodrigues,89268705613,lucas.rodrigues63@outlook.com,81993698904,1963-05-22,Camaragibe,2020-07-03,60
867,Rafael do Silva Lima,,,+55 81 98140-5815,13/09/1955,Cabo de Santo Agostinho,2023-08-12,621
868,Gabriel Ribeiro Freitas,868.633.752-06,,+55 81 98378-6437,1952-11-21,Petrolina,2019-07-01,59
869,Jéssica Gabriela Carvalho Silva,16448595996,jessica.silva304@hotmail.com,(81) 98973-7388,1996-12-10,Paulista,2024-04-24,303
870,Ana Luiza Carvalho,,ana.carvalho678@hotmail.com,,1951-05-29,Petrolina,2023-04-26,683
871,Paulo Clara Souza,21767201990,,,1984-04-28,Petrolina,2023-11-28,449
872,Leonardo Eduarda Barbosa Araújo,,leonardo.araujo82@yahoo.com.br,,02/09/1989,CAMARAGIBE,2022-07-03,1010
873,Pedro Alves Cavalcanti,393.427.186-39,pedro.cavalcanti6@yahoo.com.br,,,Jaboatão dos Guararapes,2020-03-31,782
874,Renata Clara do Santos Soza,64876998450,renata.souza567@hotmail.com,+55 81 99568-1075,17/05/1971,Jaboatão dos Guararapes,2021-07-20,289
875,JOSÉ GABRIELA LIMA,13756589641,jose.lima798hotmail.com,+55 81 99954-0432,08/04/1980,Cabo de Santo Agostinho,2023-06-12,513
876,Gabriel Augusto do Araújo,,,(81) 99428-4908,1960-10-22,Cabo de Santo Agostinho,2020-07-16,577
877,Lucas Araújo,,lucas.araujo638@yahoo.com.br,(81) 8724-4631,07/10/1977,PAULISTA,2019-03-13,427
878,Juliana Souza Gomes,,juliana.gomes225@hotmail.com,,1969-12-08,Caruaru,2022-09-18,573
879,Rodrigo do Ribeiro,472.660.235-72,,81996910355,1982-10-05,Recife,2019-08-10,610
880,Letícia Eduarda Peerira Almeida,,leticia.almeida575@gmail.com,(81) 8235-1825,14/12/1965,Camaragibe,2022-10-14,757
881,FERNANDA DOS ARAÚJO,27068756743,fernanda.araujo33@gmail.com,81982858718,09/08/1998,Olinda,2024-02-07,876
882,JSEFA ROBERTO DO SOUZA PEREIRA,937.949.995-76,,(81) 99050-3252,07/08/1966,Petrolina,2022-09-29,785
883,Gabriel de Soua,,,+55 81 99657-3683,1994-09-26,RECIFE,2020-02-25,270
884,Gustavo Cavalcanti Lima,,gustavo.lima77@gmail.com,,04/09/1951,Cabo de Santo Agostinho,2019-09-23,913
885,Ana Santos Alves,,,(81) 8661-2697,25/02/1975,Jaboatão dos Guararapes,2021-08-10,686
886,Leonardo de Lima,,,(81) 99760-5536,,Recife,2023-01-27,836
887,Rodrigo Lima,,rodrigo.lima256@yahoo.com.br,+55 81 98253-3905,,Petrolina,2020-01-17,75
888,Aline Cristina Oliveira Cavalcanti,,,(81) 98380-4206,,Camaragibe,2022-06-29,405
889,Gabriel de Silva,35243932960,gabriel.silva635@outlook.com,(81) 8291-7531,,Petrolina,2025-01-14,957
890,Thiago do Santos Cavalcanti,94332562399,thiago.cavalcanti492@outlook.com,,26/04/1951,OLINDA,2025-01-23,458
891,Patrícia Araújo,,,+55 81 99405-1690,1989-07-16,PAULISTA,2024-12-13,689
892,Larissa Augusto dos Lima,,,(81) 98612-8098,28/09/1987,Caruaru,2020-07-02,549
893,Tatiane Pereira Albuquerque,,tatiane.albuquerque956@hotmail.com,(81) 9935-8272,26/08/1999,Recife,2025-05-14,804
894,ANA GABRIELA SNATOS ALVES,092.846.720-15,ana.alves739@gmail.com,(81) 98661-2697,1975-02-25,Jaboatão dos Guararapes,2022-11-07,686
895,Larissa Nascimento Pereira,,larissa.pereira509@hotmail.com,,16/03/1959,Olinda,2022-12-15,45
896,Marcos Mel Freitas,,,+55 81 99102-7925,1952-04-30,CAMARAGIBE,2025-05-20,190
897,Beatriz dos Alemida Carvalho,33953481134,BEATRIZ.CARVALHO731@GMAIL.COM,(81) 8057-2974,18/08/1960,Camaragibe,2023-02-23,567
898,Priscila Gabriela Ribeiro,074.039.251-49,,81985979493,01/09/2003,Caruaru,2021-01-14,518
899,Vinícius Aparecida de Albuquerque,34133513975,vinicius.albuquerque552@gmail.com,81989130327,03/01/1967,Recife,2025-05-14,739
900,Luiz Luiza Cavalcanti Pereira,,LUIZ.PEREIRA164@YAHOO.COM.BR,+55 81 98350-3790,15/09/1954,Jaboatão dos Guararapes,2022-08-27,164
901,Mateus Henrique Araujo,965.666.683-65,mateus.araujo720@hotmail.com,81984666376,20/11/1966,Petrolina,2024-09-17,153
902,Maria Helena dos Araújo,189.141.173-08,maria.araujo851@hotmail.com,,04/02/1968,CARUARU,2022-04-27,99
903,CARLOS MIGUEL NASCIMENTO,,,(81) 99285-3590,05/03/1988,RECIFE,2020-06-19,978
904,Felipe Clara Monteiro Albuquerque,,,(81) 98080-5335,1970-05-03,PETROLINA,2024-07-07,253
905,Rodrigo Almeida,23221091265,,,,Camaragibe,2025-05-10,859
906,Priscila Aparecida de Silva,,PRISCILA.SILVA64@GMAIL.COM,(81) 8216-3322,1967-09-28,Cabo de Santo Agostinho,2021-10-03,85
907,Macros de Nascimento Alves,,MARCOS.ALVES236@YAHOO.COM.BR,81994601149,,Petrolina,2019-05-22,861
908,Leonardo Aparecida Silva,38878218820,leonardo.silva682@hotmail.com,(81) 8950-6862,,Olinda,2024-09-30,887
909,Ana Roberto da Gomes Costa,515.093.983-84,ana.costa457@outlook.com,(81) 8075-6607,02/07/1957,Cabo de Santo Agostinho,2023-10-18,171
910,Aline Vitoria Alevs,40711072949,aline.alves273@outlook.com,,18/11/1971,Recife,2021-01-06,1011
911,Tatiane Souza Araújo,58104573470,tatiane.araujo300@yahoo.com.br,(81) 99928-2000,1976-12-05,Camaragibe,2024-08-14,847
912,Letícia Lima,652.494.891-25,leticia.lima718@outlook.com,(81) 99695-6119,1971-05-08,Jaboatão dos Guararapes,2022-12-12,995
913,Maria do Araújo Albuquerque,72343098026,,,2002-05-30,Cabo de Santo Agostinho,2020-05-06,7
914,Renata Vitória Cavalcanti Lima,27423183059,renata.lima497@yahoo.com.br,(81) 9646-4862,2000-01-14,Paulista,2023-09-15,297
915,Josefa Cristina Albuquerque Nascimento,,josefa.nascimento323@gmail.com,,1964-10-05,Caruaru,2021-01-12,658
916,Luiz Gabriela Albuquerque Gomes,,LUIZ.GOMES784@HOTMAIL.COM,81985694893,03/10/1952,Paulista,2020-08-16,470
917,Mateus Henrique Barbosa,,mateus.barbosa199@outlook.com,+55 81 99793-2170,14/01/2002,Caruaru,2021-06-24,174
918,Patrícia Cristina da Costa,46983306708,,,1986-04-18,CABO DE SANTO AGOSTINHO,2022-02-25,588
919,Antônio Luiza Souza Oliveira,75957498831,antonio.oliveira686@outlook.com,+55 81 99767-3426,1963-12-17,Camaragibe,2022-05-15,394
920,Letícia Luiza Araúo Ferreira,515.597.371-66,LETICIA.FERREIRA412@OUTLOOK.COM,+55 81 98128-4542,26/11/1998,Jaboatão dos Guararapes,2023-09-13,261
921,Diego Luiza Cavalcanti Almeida,762.965.074-45,diego.almeida554@outlook.com,+55 81 99325-2913,30/05/1978,Cabo de Santo Agostinho,2019-01-15,839
922,Gabriel Silva,,gabriel.silva557@outlook.com,81986411828,04/12/1970,PAULISTA,2020-04-10,842
923,Vanessa dos Monteiro,,vanessa.monteiro784@gmail.com,81987700943,,Cabo de Santo Agostinho,2025-01-05,369
924,Pedro de Carvalho,,PEDRO.CARVALHO388@OUTLOOK.COM,81993399650,15/08/1971,Jaboatão dos Guararapes,2021-07-14,605
925,Camila do Silva Freitas,,camila.freitas664@outlook.com,(81) 99441-8336,,RECIFE,2025-05-26,616
926,Vanessa Henrique Monteiro Cavalcanti,58182177448,vanessa.cavalcanti194@yahoo.com.br,(81) 99674-7892,1990-06-22,Paulista,2020-05-23,901
927,Gustavo Ferreira Ribeiro,159.157.908-28,gustavo.ribeiro527@outlook.com,81997110336,2004-08-05,Petrolina,2020-09-10,627
928,Priscila da Rodrigues,69459648843,priscila.rodrigues292@hotmail.com,(81) 9988-5669,04/09/1963,OLINDA,2020-08-23,304
929,Francisca Albuquerque Nascimento,43298769819,,(81) 99156-3319,1961-10-19,Camaragibe,2022-06-27,481
930,JOSÉ ARAÚJO,,jose.araujo403@hotmail.com,(81) 9060-0605,1980-12-27,Paulista,2023-08-20,665
931,Bruno Aparecida Ribeiro Gomes,00830764410,bruno.gomes504@gmail.com,+55 81 99711-0643,03/11/1970,Caruaru,2019-04-16,966
932,Maria Helena dos Araújo,,,(81) 9755-3870,04/02/1968,Caruaru,2019-12-31,99
933,Thiago de Pereira,,thiago.pereira775@gmail.com,(81) 9603-8312,26/11/1972,Olinda,2022-05-16,333
934,Amanda Aparecida da Barbosa Santos,,amanda.santos978@outlook.com,,1983-12-15,Recife,2024-04-21,615
935,Priscila Roberto da Alves,22892074541,,+55 81 99764-5899,1962-02-05,Cabo de Santo Agostinho,2024-02-15,932
936,Diego Henrique Barbosa,,,(81) 98767-1833,1962-02-19,JABOATÃO DOS GUARARAPES,2020-03-25,491
937,Larissa Augusto Melo Araujo,88631240788,,(81) 8999-1254,1998-09-19,Olinda,2019-06-09,968
938,Vinícius Miguel Santos,23763177469,vinicius.santos121@outlook.com,81985370491,,Recife,2023-06-09,576
939,Josefa Albuquerque,535.952.056-69,josefa.albuquerque368@gmail.com,(81) 8199-0612,1986-07-25,Cabo de Santo Agostinho,2019-06-30,486
940,Adriana Freitas,11000515540,adriana.freitas100@hotmail.com,(81) 8714-7491,1977-08-05,Olinda,2023-08-28,356
941,AMANDA CAVALCANTI PEREIRA,84639208618,amanda.pereira783@yahoo.com.br,(81) 9686-0270,26/02/1981,PETROLINA,2022-02-19,122
942,Paulo do Nascimento,050.732.491-94,paulo.nascimento989@hotmail.com,81988006415,11/11/1954,Paulista,2022-02-27,1012
943,JOSEFA VITÓRIA DOS ALBUQUERQUE BARBOSA,,josefa.barbosa97@outlook.com,(81) 98326-6908,1988-06-24,CARUARU,2024-03-06,464
944,Maria Cavalcanti,,maria.cavalcanti170@gmail.com,(81) 98268-2621,1973-09-16,Camaragibe,2021-12-06,976
945,João Cristina dos Silva Cavalcanti,,joao.cavalcanti511@hotmail.com,(81) 98881-9881,1986-11-17,RECIFE,2023-10-04,801
946,Rodrigo do Silva,66890417275,RODRIGO.SILVA4@HOTMAIL.COM,,,Jaboatão dos Guararapes,2020-09-26,652
947,Leonardo Clara Alves,22133689613,leonardo.alves676@gmail.com,(81) 99724-7578,,CAMARAGIBE,2024-07-23,794
948,Diego Gabriela Almeida,81135373922,diego.almeida860@yahoo.com.br,,23/04/1993,Jaboatão dos Guararapes,2019-06-01,1040
949,Amanda Luiza Costa Cavalcanti,,,(81) 8203-3823,,Caruaru,2019-11-05,6
950,Felipe Helena Ferreira Monteiro,,felipe.monteiro561@yahoo.com.br,(81) 99938-6111,1952-05-06,Petrolina,2019-11-13,643
951,Lucas de Almeida Ferreira,,lucas.ferreira973@hotmail.com,+55 81 98480-5417,21/08/1950,Camaragibe,2022-11-14,444
952,Rodrigo Costa,,rodrigo.costa889@outlook.com,(81) 8342-7186,1983-12-25,RECIFE,2024-07-08,814
953,Rodrigo Oliveira,31290148708,,,,CABO DE SANTO AGOSTINHO,2019-01-30,243
954,Bruno Miuel Carvalho,32956342703,bruno.carvalho438@yahoo.com.br,81990700735,,Jaboatão dos Guararapes,2022-10-05,520
955,Leonardo Nascimento Melo,212.996.426-59,LEONARDO.MELO882@GMAIL.COM,+55 81 98806-2102,,Jaboatão dos Guararapes,2019-01-05,489
956,Severino Helena de Araújo Souza,,SEVERINO.SOUZA238@YAHOO.COM.BR,+55 81 99539-3965,30/09/1969,OLINDA,2025-01-05,225
957,Vinícius Aparecida da Carvalho Santos,84136233400,VINICIUS.SANTOS160@YAHOO.COM.BR,+55 81 99008-5892,1951-08-21,CABO DE SANTO AGOSTINHO,2021-10-02,736
958,Adriana Eduarda Monteiro Carvalho,95592277695,adriana.carvalho916outlook.com,,14/07/2004,Recife,2021-05-03,635
959,Francisca dos Barbosa,,FRANCISCA.BARBOSA451@HOTMAIL.COM,+55 81 99609-0639,05/12/1991,Olinda,2023-04-03,807
960,Adriana Vitória Almeida Souza,61302364170,adriana.souza493@yahoo.com.br,(81) 9421-2334,1995-06-18,Paulista,2021-07-23,784
961,Fleipe Gabriela do Pereira Almeida,13223423265,,(81) 8374-8774,1956-12-22,RECIFE,2022-11-25,175
962,Lucas Santos,,,(81) 9963-8339,09/08/2001,Paulista,2023-05-31,902
963,Luiz Roberto Souza,23667041780,,(81) 8730-3291,25/02/1999,Olinda,2021-10-16,827
964,AMANDA DOS ALMEIAD,269.312.163-92,amanda.almeida167@yahoo.com.br,(81) 8336-3288,05/04/1997,Jaboatão dos Guararapes,2020-10-30,252
965,Thiago Lima Cavalcanti,958.444.202-33,thiago.cavalcanti401@hotmail.com,,21/05/1963,Camaragibe,2020-03-26,772
966,Jéssica do Freitas,57039653141,jessica.freitas146@hotmail.com,81983621585,29/07/1974,Cabo de Santo Agostinho,2022-11-07,276
967,Severino Freitas,33542168912,,(81) 98219-0668,,Camaragibe,2019-06-03,98
968,Bruno Clara Almeida,415.298.217-97,,,16/10/1990,Petrolina,2019-06-20,348
969,Ana Gabriela do Freitas,776.135.007-80,,,1964-01-23,Jaboatão dos Guararapes,2025-03-20,798
970,AMANDA ROBERTO GOMES,17410119497,amanda.gomes659@yahoo.com.br,(81) 99670-0087,1963-05-10,RECIFE,2020-01-07,159
971,Maetus dos Nascimento,53524377955,mateus.nascimento416@outlook.com,(81) 9500-7630,1987-06-11,Caruaru,2020-10-08,979
972,Antôno do Monteiro Nascimento,09159567805,ANTONIO.NASCIMENTO17@HOTMAIL.COM,(81) 8698-8953,17/08/2000,CARUARU,2021-07-04,996
973,Renata Gabriela da Costa,898.681.809-45,RENATA.COSTA579@YAHOO.COM.BR,+55 81 99063-4720,1974-02-24,Paulista,2020-05-28,292
974,Amanda Clara Santos Ribeiro,,AMANDA.RIBEIRO132@OUTLOOK.COM,,1985-09-22,CAMARAGIBE,2025-03-22,351
975,THIAGO MIGUEL NASCIMENTO,783.690.303-60,thiago.nascimento939@outlook.com,,24/05/1986,CARUARU,2019-05-09,941
976,João Cavalacnti,,,,14/05/1973,Recife,2020-12-19,155
977,Aline do Souza Silva,963.749.121-01,ALINE.SILVA387@YAHOO.COM.BR,+55 81 99294-3873,,RECIFE,2019-11-30,975
978,Vanessa Aparecida dos Souza,856.945.441-45,,,,Paulista,2024-11-21,157
979,Beatriz Henrique Oliveira Araújo,,beatriz.araujo339@hotmail.com,(81) 98496-2890,08/05/1974,Jaboatão dos Guararapes,2019-05-22,895
980,Francisca Rodrigues Souza,33665028515,francisca.souza197@gmail.com,(81) 9446-5130,31/08/1978,Olinda,2025-07-23,909
981,Josfea Gomes,198.179.469-75,josefa.gomes60@outlook.com,81997629204,07/08/2001,CARUARU,2024-05-16,146
982,Maria Miguel Freitas,827.182.653-02,maria.freitas581@hotmail.com,,18/01/1991,Recife,2021-08-18,590
983,  aline da monteiro alves ,,ALINE.ALVES710@GMAIL.COM,81992332726,24/10/1969,Paulista,2024-11-01,57
984,Juliana Miguel Pereira Goes,590.277.167-65,JULIANA.GOMES389@GMAIL.COM,81988778271,11/03/1978,Recife,2021-09-13,101
985,Josefa da Rodrigues Oliveira,,josefa.oliveira837@outlook.com,,05/11/1953,Caruaru,2023-09-16,543
986,Aline Miguel Pereira,52653793202,aline.pereira959@hotmail.com,+55 81 99944-3297,24/10/1956,Camaragibe,2020-04-13,675
987,Francisca Augusto Freitas,30967397901,francisca.freitas799@outlook.com,(81) 98317-6413,13/01/2000,Olinda,2025-02-09,680
988,LEONARDO DO SOUZA,659.143.882-36,,81990908630,1982-08-18,Paulista,2024-01-05,446
989,JOSÉ PEREIRA,,jose.pereira265@gmail.com,(81) 9738-3819,15/05/1983,OLINDA,2025-06-10,811
990,Vanessa dos Monteiro,599.080.271-40,,81985085842,05/03/1959,Jaboatão dos Guararapes,2019-04-10,368
991,José Almeida,,,(81) 99662-6464,11/04/1960,Petrolina,2021-06-08,678
992,João dos Lima Barbosa,902.330.307-51,,(81) 98668-1015,,CARUARU,2025-03-08,94
993,Diego Albuquerque,,diego.albuquerque207@yahoo.com.br,(81) 98413-4264,,Camaragibe,2019-03-15,806
994,Ana da Silva,,ana.silva624@yahoo.com.br,81999322534,09/09/1993,Jaboatão dos Guararapes,2021-07-01,622
995,Francisca Rodrigues Ribeiro,,francisca.ribeiro733@outlook.com,(81) 99141-9627,1986-09-06,CARUARU,2021-01-31,891
996,Tatiane Vitoria Carvalho,070.286.720-93,,81981066948,05/05/2003,Caruaru,2024-03-05,547
997,Diego Luiza dos Ribeiro Gomes,363.146.249-24,diego.gomes526@gmail.com,81995467053,,Olinda,2020-09-08,273
998,Diego do Carvalho Gomes,320.293.908-44,,,,CAMARAGIBE,2020-06-28,250
999,Diego de Nascimento Cavalcanti,,DIEGO.CAVALCANTI791@GMAIL.COM,+55 81 98317-3696,1970-05-18,CABO DE SANTO AGOSTINHO,2024-08-29,337
1000,Fernanda Melo Monteiro,23800436477,fernanda.monteiro198@yahoo.com.br,+55 81 99741-0785,,Petrolina,2021-07-22,830
1001,Marcos Eduarda Cavalcanti,,marcos.cavalcanti209@gmail.com,,,PETROLINA,2020-01-13,334
1002,Rafael Almeida Gomes,595.781.273-08,rafael.gomes716@gmail.com,,23/11/1962,CABO DE SANTO AGOSTINHO,2020-06-13,931
1003,Maria Almeida,,maria.almeida858@outlook.com,(81) 9685-7008,28/01/1961,Camaragibe,2025-07-05,236
1004,Tatiane Lima Araújo,,tatiane.araujo812@hotmail.com,+55 81 99778-2767,,Caruaru,2020-07-01,927
1005,Amanda Henrique Ribeiro,,amanda.ribeiro376@gmail.com,(81) 8821-4688,2000-04-24,Recife,2024-04-02,260
1006,Paulo Henrique de Freitas,,paulo.freitas759@gmail.com,,21/08/1987,Paulista,2022-10-10,1
1007,Leonardo Gomes,,LEONARDO.GOMES117@GMAIL.COM,,01/11/1983,Jaboatão dos Guararapes,2025-01-06,698
1008,Gustavo Pereira Freitas,,gustavo.freitas953yahoo.com.br,(81) 9272-0309,18/04/1965,Caruaru,2019-12-14,244
1009,Renata Melo,99335876827,,(81) 9513-1029,2004-10-22,JABOATÃO DOS GUARARAPES,2021-10-08,598
1010,  mateus dos carvalho ,,mateus.carvalho38hotmail.com,+55 81 99813-5922,1986-04-20,CAMARAGIBE,2020-03-24,550
1011,Vanessa Vitória da Cavaclanti,,vanessa.cavalcanti289@gmail.com,(81) 8817-7785,14/11/1991,Recife,2022-05-05,991
1012,José Henrique Alves,08632181211,jose.alves750@hotmail.com,+55 81 99446-5333,,Caruaru,2020-08-24,316
1013,Antônio Henrique Nascimento,093.346.533-53,ANTONIO.NASCIMENTO101@YAHOO.COM.BR,(81) 98798-9848,02/08/1950,CARUARU,2021-08-13,896
1014,  gustavo freitas ,,gustavo.freitas345@yahoo.com.br,81993786127,1982-09-07,Paulista,2023-11-27,41
1015,Adriana Augusto Araújo,,adriana.araujo876@yahoo.com.br,,,Recife,2020-04-03,421
1016,Juliana Barbosa Silva,04235731874,juliana.silva490@outlook.com,(81) 8237-4865,,Petrolina,2019-01-14,914
1017,BEATRIZ GABRIELA MONTEIRO,43687715671,beatriz.monteiro856@hotmail.com,+55 81 98008-9687,2002-03-28,Camaragibe,2025-01-06,734
1018,LUCAS DA ARAÚJO,40373416709,lucas.araujo283@gmail.com,+55 81 99554-2583,1994-10-29,Jaboatão dos Guararapes,2020-04-15,433
1019,Larissa Pereira,770.384.309-12,larissa.pereira656@hotmail.com,(81) 8121-0010,,Paulista,2020-01-05,119
1020,Severino Cristina do Freitas Souza,,severino.souza356@outlook.com,81993723958,1955-06-16,Caruaru,2019-07-06,298
1021,Josefa Luiza Monteiro Cavalcanti,528.953.926-33,josefa.cavalcanti665@outlook.com,,1965-12-11,Recife,2023-03-18,88
1022,Thiago Silva Freitas,409.097.439-91,thiago.freitas406@outlook.com,(81) 8637-9770,1972-06-26,Jaboatão dos Guararapes,2020-06-25,28
1023,Mateus do Barbosa,03172351335,mateus.barbosa380@yahoo.com.br,(81) 9916-4457,26/05/1951,RECIFE,2021-02-15,350
1024,José Cavalcanti,96159764071,jose.cavalcanti205@outlook.com,,01/12/1986,CABO DE SANTO AGOSTINHO,2021-09-15,570
1025,Luiz Eduarda de Nascimento Monteiro,198.074.682-64,luiz.monteiro250hotmail.com,+55 81 99037-9393,,Caruaru,2022-02-16,475
1026,Rodrigo Vitória do Cavalcanti,484.086.211-73,rodrigo.cavalcanti740@hotmail.com,81986440171,1997-03-25,CAMARAGIBE,2019-05-10,63
1027,Vanessa Carvalho,87236341118,,,08/10/1979,Cabo de Santo Agostinho,2019-10-01,1018
1028,Josefa dos Ferreira Pereira,,JOSEFA.PEREIRA69@HOTMAIL.COM,+55 81 99243-9820,,Jaboatão dos Guararapes,2019-03-29,581
1029,Renata Melo Freitas,652.396.749-22,,(81) 8202-0666,,Caruaru,2025-04-30,980
1030,Josefa Arúajo,47091100,,+55 81 99032-3521,23/06/2002,Caruaru,2023-07-31,716
1031,Severino Helena de Araújo,43532861704,,81998589844,31/01/1956,PAULISTA,2025-04-13,1023
1032,Gabriel Monteiro Freitas,959.232.342-97,gabriel.freitas206@gmail.com,+55 81 99789-8673,01/01/2004,RECIFE,2021-06-08,332
1033,Larissa de Silva Souza,686.462.252-59,,+55 81 99632-3266,30/04/1966,Olinda,2020-03-23,231
1034,Rodrigo Barbosa,,,,28/09/1973,Olinda,2021-08-06,21
1035,Tihago Silva,573.713.887-98,THIAGO.SILVA382@OUTLOOK.COM,,17/07/1962,Paulista,2024-12-18,696
1036,MATEUS NASCIMENTO RIBEIRO,,mateus.ribeiro684@yahoo.com.br,,,Recife,2020-11-07,952
1037,Adriana Barbosa Freitas,159.757.292-62,ADRIANA.FREITAS214@YAHOO.COM.BR,81983505115,1995-09-02,PETROLINA,2021-07-17,631
1038,Renata dos Freitas,79913662192,RENATA.FREITAS351@GMAIL.COM,(81) 9753-9282,1995-04-01,Petrolina,2025-06-17,116
1039,Renata Eduarda Costa,,renata.costa655@hotmail.com,81992449614,,Cabo de Santo Agostinho,2024-12-24,608
1040,Rafael Monteiro Pereira,,rafael.pereira337@outlook.com,,,Jaboatão dos Guararapes,2022-06-01,326
1041,Aline Albuquerque Carvalho,228.839.047-66,aline.carvalho493@hotmail.com,,02/09/1972,Caruaru,2024-02-19,636
1042,Josefa do Gomes,19351174590,,(81) 8737-9274,16/09/1990,RECIFE,2019-12-22,688
1043,Letícia Eduarda Monteiro,1620478781,,(81) 9761-7780,12/11/1991,Caruaru,2019-10-28,390
1044,LARISSA MONTEIRO NASCIMENTO,353.659.746-70,larissa.nascimento970@yahoo.com.br,+55 81 98213-3462,1988-08-28,Paulista,2021-12-20,496
1045,Bruno Monteiro,,bruno.monteiro452@hotmail.com,+55 81 98087-9726,21/07/1990,Camaragibe,2025-06-11,436
1046,Bruno de Melo,,bruno.melo245@gmail.com,81981880875,1980-04-19,Recife,2019-10-23,160
1047,Patrícia Ferreira,,,(81) 9538-3910,1983-10-27,Jaboatão dos Guararapes,2020-06-16,487
1048,Ana do Rodrigues,19396061018,ana.rodrigues807@outlook.com,(81) 98310-4284,1994-12-24,Olinda,2023-08-04,773
1049,Rodrigo Miguel Almeida,23221091265,,,12/10/1959,Camaragibe,2021-07-23,859
1050,José Lima,,jose.lima674gmail.com,,15/11/2003,Jaboatão dos Guararapes,2023-12-08,623
1051,Beatriz de Oliveira,,beatriz.oliveira544@yahoo.com.br,+55 81 98290-8767,,JABOATÃO DOS GUARARAPES,2021-09-07,78
1052,Amanda do Cavalcanti,81231765354,amanda.cavalcanti259@yahoo.com.br,,17/10/1977,Cabo de Santo Agostinho,2022-01-30,377
1053,Thiago do Carvalho Lima,,thiago.lima16@gmail.com,(81) 99413-5785,18/06/1967,CAMARAGIBE,2024-06-07,594
1054,Adriana Barbsoa Freitas,,adriana.freitas214@yahoo.com.br,+55 81 98350-5115,02/09/1995,Petrolina,2022-01-01,631
1055,Fernanda Silva Rodrigues,,,81998495420,2000-02-16,Paulista,2019-11-19,697
1056,Francisca Oliveira,384.715.675-63,,+55 81 99093-1778,1950-01-02,Caruaru,2022-03-09,710
1057,Fernanda Luiza Carvalho Silva,550.492.217-81,FERNANDA.SILVA760@GMAIL.COM,,,Olinda,2025-06-24,589
1058,Tatiane Clara da Barbosa,,tatiane.barbosa428@outlook.com,(81) 98313-6994,2001-12-14,Cabo de Santo Agostinho,2023-09-18,885
1059,Beatriz dos Almeida Carvalho,339.534.811-34,beatriz.carvalho731@gmail.com,81980572974,,Camaragibe,2025-03-10,567
1060,MARCOS MELO,,,,29/07/1953,Petrolina,2024-02-13,488
1061,Beatriz Ribeiro Oliveira,,,81995252238,30/10/1996,JABOATÃO DOS GUARARAPES,2019-10-26,477
1062,Pedro Vitória Cavalcanti Almeida,,pedro.almeida930@gmail.com,+55 81 98751-8234,2001-11-04,Recife,2020-11-24,301
1063,Severino Santos,842.762.467-09,severino.santos182@gmail.com,+55 81 99858-1904,23/05/1998,Cabo de Santo Agostinho,2019-07-04,179
1064,Pedro Helena da Albuquerque,,pedro.albuquerque757@gmail.com,81990012381,,Olinda,2022-01-22,56
1065,  jéssia lima carvalho ,83415599949,,81982474724,05/11/1981,CABO DE SANTO AGOSTINHO,2021-05-12,294
1066,Ana Costa,,ana.costa158@yahoo.com.br,,18/08/1954,Petrolina,2020-02-12,265
1067,Amanda Cavalcanti Pereira,846.392.086-18,amanda.pereira783@yahoo.com.br,,26/02/1981,Petrolina,2023-01-21,122
1068,Tatiane de Rodrigues,50020268343,tatiane.rodrigues281@yahoo.com.br,(81) 8714-8669,13/10/1977,Caruaru,2021-08-20,693
1069,Rafael Vitória Lima,42678703223,rafael.lima243@hotmail.com,81984695191,15/04/1996,Olinda,2022-08-04,916
1070,Paulo Santos Barbosa,37456017000,paulo.barbosa730@hotmail.com,,25/09/1951,Olinda,2025-06-11,737
1071,Fernanda da Barbosa Melo,,fernanda.melo817@gmail.com,81995421665,17/07/2000,Recife,2019-08-19,727
1072,Rodrigo Almeida Oliveira,,,+55 81 99587-7089,29/09/1952,Caruaru,2021-08-21,395
1073,Thiago do Rodrigues Silva,15319520549,,81995590157,06/12/1992,Jaboatão dos Guararapes,2023-02-16,44
1074,Renata Souza Alves,902.578.464-09,renata.alves894@gmail.com,,26/03/1982,Paulista,2023-06-18,579
1075,Mateus Monteiro,627.879.025-45,mateus.monteiro932@gmail.com,(81) 8053-0542,,Petrolina,2019-10-24,786
1076,Patrícia Eduarda da Monteiro Barbosa,,PATRICIA.BARBOSA323@HOTMAIL.COM,+55 81 98047-6665,02/08/1984,Cabo de Santo Agostinho,2023-09-17,984
1077,Letícia Augusto Lima Rodrigues,50274564416,leticia.rodrigues120@outlook.com,(81) 9462-2194,,Caruaru,2024-04-10,189
1078,Carlos Gabriela da Nascimento,,CARLOS.NASCIMENTO816@HOTMAIL.COM,+55 81 98587-4352,31/01/1957,PETROLINA,2022-03-24,27
1079,Tatiane Aparecida Rodrigues Costa,,,(81) 8157-3361,13/11/1967,Caruaru,2022-08-31,439
1080,Luiz Aparecida Ribeiro Barbosa,51798387115,,(81) 99171-3768,1985-08-27,Petrolina,2023-11-27,946
1081,José Melo Santos,,,+55 81 98453-3358,1977-10-19,Petrolina,2019-05-03,769
1082,Gustavo Augusto Alves,,,(81) 98388-6342,1970-06-21,Caruaru,2022-07-29,653
1083,Jessica Silva Freitas,91611863848,,(81) 99846-2926,,OLINDA,2024-05-18,490
1084,Jéssica Alves,910.371.705-47,JESSICA.ALVES227@YAHOO.COM.BR,+55 81 98195-6224,,Recife,2025-05-23,132
1085,Larissa Clara de Costa Pereira,,,,30/01/1970,CARUARU,2019-09-25,613
1086,AMANA DO BARBOSA MELO,,AMANDA.MELO779@OUTLOOK.COM,,21/01/1974,PAULISTA,2024-07-21,302
1087,Marcos do Barbosa Melo,535.852.386-37,MARCOS.MELO449@GMAIL.COM,,23/07/1951,Camaragibe,2024-08-09,448
1088,Ana Henrique Monteiro,62019712113,ana.monteiro173@hotmail.com,+55 81 98245-9258,08/02/1968,Paulista,2020-11-06,506
1089,LUIZ APARECIDA RIBEIRO BARBOSA,517.983.871-15,luiz.barbosa217@hotmail.com,(81) 99171-3768,1985-08-27,Petrolina,2023-11-06,946
1090,Leonardo Clara do Oliveira,15325947982,leonardo.oliveira328@outlook.com,81994698911,07/05/1975,Recife,2019-04-25,485
1091,Maria Pereira,41209579006,MARIA.PEREIRA998@YAHOO.COM.BR,,,Recife,2022-10-06,275
1092,ANA DA FERREIRA,,ana.ferreira554@hotmail.com,+55 81 98083-7240,1972-10-11,Caruaru,2020-08-13,548
1093,Aline Clara Melo,,aline.melo466@hotmail.com,(81) 98740-0955,22/04/1989,Jaboatão dos Guararapes,2024-11-08,409
1094,Francisca Oliveira Melo,,FRANCISCA.MELO582@OUTLOOK.COM,,16/12/1970,Olinda,2023-01-07,84
1095,Jéssica do Freitas,004.254.882-92,jessica.freitas361@gmail.com,(81) 98478-6346,1967-08-26,Petrolina,2021-12-06,277
1096,Marcos Eduarda da Alves,,marcos.alves616@outlook.com,81999784607,06/04/1953,PAULISTA,2023-05-06,1000
1097,Fernanda da Santos Melo,41016793049,FERNANDA.MELO559@GMAIL.COM,,1958-03-06,OLINDA,2019-06-08,646
1098,João Miguel dos Costa,68528306160,joao.costa948@outlook.com,(81) 9610-1581,,Olinda,2022-03-28,401
1099,Tihago Roberto Rodrigues,,thiago.rodrigues778@yahoo.com.br,(81) 99933-3647,28/02/1987,Cabo de Santo Agostinho,2023-09-19,1003
1100,RODRIGO VITÓRIA DO CAVALCANTI,54777252221,rodrigo.cavalcanti564@yahoo.com.br,+55 81 99819-1094,,Recife,2019-02-18,62
1101,Diego Luiza Ferreira Lima,622.169.069-21,,+55 81 99529-7227,,Petrolina,2024-05-21,565
1102,Tatiane Pereira Abuquerque,20632280190,tatiane.albuquerque956@hotmail.com,+55 81 99935-8272,26/08/1999,Recife,2021-10-23,804
1103,Thiago Roberto Rodrigues,,thiago.rodrigues778@yahoo.com.br,(81) 99933-3647,,Cabo de Santo Agostinho,2024-11-02,1003
1104,Bruno dos Monteiro Barbosa,00027221431,bruno.barbosa675@hotmail.com,+55 81 99553-9550,1967-06-26,Olinda,2020-11-04,499
1105,Gustavo Roberto Melo,79316477263,gustavo.melo945@outlook.com,(81) 98609-5961,09/08/2001,Caruaru,2020-09-08,331
1106,Gustavo Freitas,841.241.182-01,GUSTAVO.FREITAS837@OUTLOOK.COM,81987067558,,Paulista,2020-06-19,9
1107,Adriana Monteiro Rodrigues,82531106006,ADRIANA.RODRIGUES858@HOTMAIL.COM,(81) 9824-2621,,PETROLINA,2023-03-29,266
1108,Priscila Clara Araújo Souza,94549180102,priscila.souza476@yahoo.com.br,+55 81 98611-3890,1985-04-03,Recife,2021-01-28,193
1109,Beatriz Melo Barbosa,045.056.693-51,BEATRIZ.BARBOSA336@YAHOO.COM.BR,(81) 99043-0954,,Jaboatão dos Guararapes,2023-12-31,711
1110,Tatiane Lima Souza,,tatiane.souza86@yahoo.com.br,(81) 99020-4375,1998-01-03,JABOATÃO DOS GUARARAPES,2023-03-12,459
1111,Marcos de Nascimento Alves,88287204763,,81994601149,1984-01-24,Petrolina,2024-04-19,861
1112,Luiz Roberto do Gomes Ferreira,380.419.171-19,luiz.ferreira675@yahoo.com.br,81988227844,,Paulista,2019-03-07,982
1113,THIAGO DO SANTOS CAVALCANTI,94332562399,thiago.cavalcanti492@outlook.com,+55 81 99496-7557,1951-04-26,Olinda,2019-12-09,458
1114,  betariz dos almeida carvalho ,,beatriz.carvalho731@gmail.com,(81) 8057-2974,1960-08-18,Camaragibe,2020-02-08,567
1115,Paulo Roberto Barbosa,58877043571,PAULO.BARBOSA842@GMAIL.COM,,07/04/1998,Recife,2021-07-21,108
1116,Luiz Lima,60001440756,,,1977-05-11,Paulista,2020-09-15,599
1117,Diego Santos,70781294584,diego.santos93@yahoo.com.br,81982512965,,Recife,2021-10-01,835
1118,Felipe Gabriela do Pereira Almeida,132.234.232-65,felipe.almeida30@gmail.com,,,Recife,2019-09-29,175
1119,Juliana Cristina Barbosa Cavalcanti,,,(81) 98876-8803,,Cabo de Santo Agostinho,2020-01-14,230
1120,Priscila Freitas Lima,,priscila.lima465@outlook.com,(81) 98566-6499,1980-12-09,Jaboatão dos Guararapes,2025-02-15,985
1121,Vanessa Miguel da Costa Gomes,,,+55 81 99545-2131,,Cabo de Santo Agostinho,2022-11-19,692
1122,Josefa Cristina Rodrigues Alves,553.470.574-40,JOSEFA.ALVES839@HOTMAIL.COM,(81) 99873-9404,1999-02-06,Caruaru,2022-06-06,342
1123,Jose Almeida,605.190.854-42,jose.almeida683@hotmail.com,81996626464,,Petrolina,2021-01-06,678
1124,José Gabriela Lima,13756589641,jose.lima798@hotmail.com,+55 81 99954-0432,08/04/1980,Cabo de Santo Agostinho,2022-09-02,513
1125,Patrícia Augusto Melo Almeida,,patricia.almeida137@hotmail.com,,22/11/1983,Olinda,2025-06-08,919
1126,Vanessa Aparecida de Ribeiro,607.598.897-16,VANESSA.RIBEIRO668@YAHOO.COM.BR,(81) 98796-0165,29/08/1968,Camaragibe,2020-08-15,507
1127,Pedro Cristina Souza Pereira,15890418289,,,14/01/1987,Petrolina,2019-05-18,771
1128,Maria dos Barbosa Cavalcanti,24227496667,MARIA.CAVALCANTI922@OUTLOOK.COM,(81) 8997-9457,1996-04-26,Paulista,2021-08-20,1037
1129,ANTÔNIO DOS GOMES,626.374.845-19,,+55 81 98483-9658,,Caruaru,2023-07-11,346
1130,José Helena Pereira Ribeiro,05310033025,JOSE.RIBEIRO553@HOTMAIL.COM,(81) 98423-5273,,OLINDA,2022-06-28,16
1131,GABRIEL EDUARDA DE SOUZA PEREIRA,49718594892,,81981609380,1965-04-27,Caruaru,2019-12-23,242
1132,Bruno Ribeiro Barbosa,80055126782,BRUNO.BARBOSA395@YAHOO.COM.BR,+55 81 98857-1421,2003-12-24,Camaragibe,2019-09-09,890
1133,Larissa Clara Souza Silva,620.918.435-98,larissa.silva468@yahoo.com.br,(81) 99727-7646,24/01/1987,Paulista,2019-11-30,233
1134,Josefa Clara da Costa,890.030.102-00,josefa.costa423@yahoo.com.br,,,Caruaru,2025-02-04,286
1135,Letícia Helena Araújo Santos,,,(81) 98600-0859,17/01/1988,Petrolina,2024-02-07,315
1136,Maria Ferreira,,MARIA.FERREIRA556@GMAIL.COM,(81) 9136-6191,1998-07-01,CABO DE SANTO AGOSTINHO,2024-01-01,149
1137,Adriana Roberto Ferreira,,adriana.ferreira929@yahoo.com.br,+55 81 98800-9644,1988-12-07,Recife,2019-02-14,607
1138,Josefa Luiza Pereira Lima,55963743931,,81988629228,20/03/1980,Camaragibe,2024-10-04,845
1139,Josefa Gabriela da Lima Araújo,,josefa.araujo10@outlook.com,81991283151,22/08/2003,CABO DE SANTO AGOSTINHO,2020-09-30,676
1140,Vinícius Miguel Pereira,88542734491,vinicius.pereira751@yahoo.com.br,+55 81 99257-7340,23/04/1960,Cabo de Santo Agostinho,2021-09-23,1020
1141,Pedro Rodrigues,62655110412,,,04/03/1959,Jaboatão dos Guararapes,2023-04-27,66
1142,Pedro Alves,,pedro.alves757@yahoo.com.br,,1982-09-22,Petrolina,2021-08-18,674
1143,Fernanda Helena dos Barbosa Gomes,,,+55 81 98297-8870,10/10/1992,Recife,2023-08-21,713
1144,Juliana Barbosa,235.306.885-50,juliana.barbosa224@yahoo.com.br,+55 81 99417-3570,05/07/1993,Petrolina,2022-10-03,728
1145,Josefa Vitória dos Albuquerque Barbosa,650.254.472-08,josefa.barbosa97@outlook.com,+55 81 98326-6908,1988-06-24,CARUARU,2019-09-25,464
1146,Thiago Miguel Nascimento,,thiago.nascimento939@outlook.com,+55 81 98825-0692,1986-05-24,CARUARU,2023-12-13,941
1147,Gabriel Melo Ferreira,42129146546,gabriel.ferreira264@gmail.com,+55 81 98494-4053,29/07/1967,Camaragibe,2020-07-14,666
1148,João Luiza Lima Santos,,joao.santos708@hotmail.com,(81) 98797-2381,02/11/1995,Camaragibe,2021-04-11,106
1149,Luiz Nascimento,,luiz.nascimento892@outlook.com,81988764910,15/06/1974,PETROLINA,2023-01-03,731
1150,Tatiane Araújo Gomes,,tatiane.gomes516@hotmail.com,(81) 8626-1853,2003-10-26,Olinda,2025-06-20,911
1151,Aline do Barbosa,,ALINE.BARBOSA252@YAHOO.COM.BR,(81) 99352-6505,09/11/1977,Caruaru,2021-03-05,1043
1152,Marcos Barbosa,633.761.851-31,MARCOS.BARBOSA625@YAHOO.COM.BR,81993342899,23/10/1990,Olinda,2020-02-11,526
1153,Gutsavo Eduarda Ferreira Santos,90015944689,gustavo.santos913@hotmail.com,+55 81 98739-6658,27/02/2004,CAMARAGIBE,2023-04-07,386
1154,Lucas Aparecida Freitas Cavalcanti,625.916.011-94,lucas.cavalcanti319@hotmail.com,(81) 8335-2581,13/04/1958,Caruaru,2024-10-15,468
1155,Pedro dos Barbosa,24464035060,pedro.barbosa586@yahoo.com.br,81999987023,1982-05-25,Caruaru,2024-01-04,882
1156,Bruno de Gomes,64303942987,bruno.gomes300@gmail.com,+55 81 99221-9242,1995-08-18,PETROLINA,2024-05-28,323
1157,Camila Alves Ribeiro,39438040382,camila.ribeiro56@hotmail.com,81986924047,1994-10-27,Petrolina,2020-03-15,371
1158,Adriana Henrique Costa,93091401510,,(81) 98811-1005,03/10/1959,OLINDA,2020-11-01,759
1159,Beatriz Ferreira Freitas,910.657.351-70,beatriz.freitas860@yahoo.com.br,81991343811,05/10/1972,Petrolina,2021-02-14,745
1160,VAESSA DE GOMES,533.470.474-43,vanessa.gomes9@yahoo.com.br,,21/07/1998,Camaragibe,2020-01-10,532
1161,Letícia Luiza Almeida Costa,,leticia.costa536@gmail.com,(81) 8940-2071,01/10/1974,Camaragibe,2021-06-25,340
1162,José Cristina Alves,,,(81) 9308-2230,1964-01-21,Caruaru,2025-02-04,419
1163,Juliana dos Alves,,juliana.alves343yahoo.com.br,(81) 9255-0216,06/07/1964,PAULISTA,2019-08-15,779
1164,Gustavo Henrique Silva,,,,11/07/1984,Petrolina,2020-04-25,1001
1165,Rodrigo Almeida,36080901005,RODRIGO.ALMEIDA195@GMAIL.COM,(81) 9401-2257,1958-08-14,Recife,2023-04-30,765
1166,Diego de Gomes Oliveira,75067761032,diego.oliveira542@yahoo.com.br,,,Recife,2023-08-06,527
1167,FRANCISCA OLVIEIRA MELO,,francisca.melo582@outlook.com,+55 81 98912-5324,16/12/1970,Olinda,2024-01-27,84
1168,Beatriz Freitas,,BEATRIZ.FREITAS130@HOTMAIL.COM,81996711013,23/03/1982,JABOATÃO DOS GUARARAPES,2023-07-26,492
1169,Ana Rodrigues,63429242100,,+55 81 98812-5631,01/09/1954,Olinda,2022-12-30,721
1170,Juliana Gabriela Silva,,,(81) 98978-7519,1986-03-08,Cabo de Santo Agostinho,2020-05-02,552
1171,Amanda Roberto Rodrigues,,amanda.rodrigues393@yahoo.com.br,81991543869,,CARUARU,2024-12-08,86
1172,Ana Costa Araújo,,,+55 81 99819-5975,10/11/1988,Camaragibe,2019-12-11,435
1173,Josefa Cristina Costa Freitas,588.681.025-01,josefa.freitas52@hotmail.com,,,Jaboatão dos Guararapes,2019-07-31,998
1174,José Cristina Alves,863.144.170-82,jose.alves740@yahoo.com.br,,21/01/1964,CARUARU,2024-03-22,419
1175,Dieog do Carvalho Gomes,320.293.908-44,diego.gomes279@yahoo.com.br,+55 81 99018-0755,1969-10-07,Camaragibe,2020-07-01,250
1176,Leonardo Aparecida de Cavalcanti Barbosa,52945637111,leonardo.barbosa831@hotmail.com,+55 81 98889-7128,1954-04-07,CAMARAGIBE,2023-11-12,181
1177,Vanessa Eduarda Carvalho,736.820.506-80,vanessa.carvalho882@hotmail.com,,10/03/1966,Paulista,2024-02-14,434
1178,Felipe Cristina Souza Freitas,18648230896,,(81) 9744-8295,1985-07-26,Camaragibe,2022-02-20,624
1179,Tatiane Vitória do Carvalho,,tatiane.carvalho221@hotmail.com,,05/05/2003,CARUARU,2025-07-17,547
1180,Diego Araújo,,DIEGO.ARAUJO767@HOTMAIL.COM,(81) 8556-6812,14/09/1966,Olinda,2019-05-17,574
1181,Carlos Augusto Lima Freitas,71111615217,,+55 81 98410-1401,,Caruaru,2020-09-25,33
1182,Bruno Silva Costa,47505577735,,81990088327,,Olinda,2024-07-20,904
1183,Diego Vitória Oliveira,294.300.037-04,diego.oliveira293@outlook.com,81999119234,04/04/1998,JABOATÃO DOS GUARARAPES,2025-01-01,664
1184,Lucas Helena do Carvalho Souza,,,,2001-05-10,CARUARU,2020-03-31,582
1185,Vanessa da Araújo Lima,799.553.024-29,vanessa.lima795@outlook.com,(81) 98188-0727,07/01/1957,Jaboatão dos Guararapes,2022-04-27,516
1186,PEDRO DE ALMEIDA,,pedro.almeida837@hotmail.com,(81) 9444-1969,1965-04-11,OLINDA,2025-04-27,1044
1187,Vinícius Freitas,,vinicius.freitas739@gmail.com,,11/01/1966,Olinda,2024-12-12,4
1188,Carlos Cristina Souza Oliveira,97675983327,,,30/09/1992,Recife,2023-09-25,671
1189,Severino Souza,30852315600,,+55 81 98972-4736,,Camaragibe,2023-04-26,912
1190,LARISSA HELENA CAVALCANTI BARBOSA,271.147.732-00,larissa.barbosa286@gmail.com,81981773432,,Cabo de Santo Agostinho,2020-05-02,178
1191,Jéssica da Nascimento Monteiro,65426836825,jessica.monteiro277@outlook.com,81996771574,23/07/1990,Olinda,2023-10-03,832
1192,Mateus dos Melo Pereira,62972669215,mateus.pereira343@hotmail.com,(81) 99098-5533,09/03/1990,Jaboatão dos Guararapes,2024-03-29,958
1193,  jéssica lima carvalho ,,jessica.carvalho714@gmail.com,(81) 98247-4724,1981-11-05,Cabo de Santo Agostinho,2022-05-02,294
1194,Fernanda Aparecida da Santos,01685647189,fernanda.santos640@yahoo.com.br,(81) 99841-8526,1973-07-12,Recife,2020-02-26,670
1195,Severino Aparecida Pereira Lima,,SEVERINO.LIMA69@GMAIL.COM,(81) 99625-8916,04/08/1977,Cabo de Santo Agostinho,2022-05-23,718
1196,Vanessa Eduarda dos Silva Cavalcanti,,vanessa.cavalcanti754hotmail.com,+55 81 99475-7440,,Paulista,2021-04-19,557
1197,Francisca dos Santos,,,(81) 9479-8441,18/10/1970,Camaragibe,2025-01-27,999
1198,Gabriel Albuquerque,,,+55 81 98822-6254,1998-03-23,PETROLINA,2022-07-27,207
1199,Severino Clara da Ferreira,,,(81) 99549-1434,03/05/2013,Caruaru,2021-06-07,826
1200,Priscila Ferreira,31537795970,priscila.ferreira656@outlook.com,+55 81 99404-9082,26/06/1979,Jaboatão dos Guararapes,2022-09-19,214
1201,Aline Vitória Carvalho Costa,77971775113,aline.costa81@yahoo.com.br,(81) 98344-4138,12/03/1986,Petrolina,2019-08-11,102
1202,Antonio Luiza de Souza Silva,15558709456,antonio.silva500@gmail.com,,1963-08-31,Camaragibe,2024-07-25,763
1203,Diego Costa,84716906167,diego.costa614@gmail.com,+55 81 98134-0450,25/02/1983,Camaragibe,2025-04-13,382
1204,Paulo Gabriela Carvalho,388.516.060-99,,81990504571,2001-08-27,PETROLINA,2019-12-27,36
1205,Thiag Gabriela Souza Almeida,541.839.525-49,thiago.almeida527@hotmail.com,(81) 8481-2114,1955-07-15,Cabo de Santo Agostinho,2022-03-11,823
1206,Gustavo Souza Santos,409.131.117-24,GUSTAVO.SANTOS506@YAHOO.COM.BR,+55 81 98064-0775,1962-10-08,Caruaru,2022-01-02,484
1207,Gabriel Edurda Ribeiro,181.519.854-02,gabriel.ribeiro85@outlook.com,+55 81 99923-7799,22/09/1977,Jaboatão dos Guararapes,2021-12-29,554
1208,FRANCISCA HELENA DA RODRIGUES,,,(81) 98567-0160,07/08/1998,Paulista,2020-02-26,742
1209,Pedro Eduarda de Santos Carvalho,40047486740,,(81) 9959-1701,,CAMARAGIBE,2024-04-03,777
1210,Leonardo dos Oliveira,,,(81) 99031-8885,18/03/1957,Jaboatão dos Guararapes,2022-11-12,312
1211,Carlos Miguel do Oliveira,,carlos.oliveira332@outlook.com,(81) 8454-1886,,Cabo de Santo Agostinho,2024-12-25,648
1212,LUCAS DA ARAÚJO,403.734.167-09,,81995542583,,Jaboatão dos Guararapes,2025-02-08,433
1213,Felipe Eduarda dos Cavalcanti Araújo,63423461942,felipe.araujo525@outlook.com,(81) 98690-6569,1993-10-07,Petrolina,2020-11-16,269
1214,Aline Cristina de Ribeiro,45018481978,aline.ribeiro146@yahoo.com.br,81994705967,,OLINDA,2021-11-12,339
1215,Maria Roberto Carvalho,33738987738,maria.carvalho234@outlook.com,(81) 9050-5048,08/11/1966,PETROLINA,2022-12-23,219
1216,Leonardo Gabriel do Lima,01632870827,,,18/12/1961,Cabo de Santo Agostinho,2025-01-21,13
1217,Francisca Clara Costa,,,+55 81 98669-3925,1985-12-10,Jaboatão dos Guararapes,2023-10-26,455
1218,Gabriel Cavalcanit Carvalho,,,81980514979,1962-12-07,Petrolina,2020-02-08,26
1219,Felipe do Silva,,felipe.silva54@hotmail.com,81982891083,22/08/2001,JABOATÃO DOS GUARARAPES,2019-01-22,601
1220,Mateus dos Carvalho,211.915.891-61,mateus.carvalho38@hotmail.com,(81) 99813-5922,20/04/1986,Camaragibe,2019-08-29,550
1221,Aline do Aleida Ferreira,,aline.ferreira397@gmail.com,(81) 9603-9332,10/12/1993,Camaragibe,2019-12-03,942
1222,Renata de Monteiro Ribeiro,,renata.ribeiro685@yahoo.com.br,81983080275,01/09/1973,CAMARAGIBE,2024-02-03,272
1223,Larissa Clra de Costa Pereira,,,,30/01/1970,Caruaru,2024-11-21,613
1224,Lucas Cristina Carvalho,53666777694,lucas.carvalho129@yahoo.com.br,81991334731,01/04/1979,PETROLINA,2023-07-31,354
1225,Paulo do Souza Costa,,paulo.costa7@gmail.com,81987373638,28/07/1984,Jaboatão dos Guararapes,2022-02-07,504
1226,Tatiane Clara Almeida Pereira,,TATIANE.PEREIRA292@GMAIL.COM,(81) 98902-5758,27/04/1968,Caruaru,2023-03-09,708
1227,Lucas Cristina dos Ferreira,44594771267,lucas.ferreira429@gmail.com,81983128742,,Cabo de Santo Agostinho,2025-01-25,800
1228,Beatriz Ferreira,711.624.112-44,beatriz.ferreira914@outlook.com,,12/07/1994,Jaboatão dos Guararapes,2022-04-09,169
1229,LEÍTCIA AUGUSTO MELO,62637792760,,(81) 8185-1336,11/04/1989,Paulista,2019-04-23,750
1230,Tatiane Souza Ferreira,138.004.983-08,,81982808773,10/11/1965,JABOATÃO DOS GUARARAPES,2025-02-03,521
1231,THIAGO EDAURDA DOS COSTA,49135779055,,(81) 99219-9060,1952-12-12,PETROLINA,2020-06-26,324
1232,João Luiza Lima Santos,43805719809,joao.santos708@hotmail.com,(81) 98797-2381,1995-11-02,CAMARAGIBE,2022-04-19,106
1233,Beatriz Gomes,664.147.533-60,beatriz.gomes939@yahoo.com.br,(81) 98534-3676,1975-11-20,Cabo de Santo Agostinho,2025-06-19,642
1234,Vanessa Alves,71073087182,vanessa.alves67@outlook.com,,,Paulista,2019-10-26,568
1235,Bruno Miguel Ribeiro,29745493066,bruno.ribeiro436@hotmail.com,81989916482,,Cabo de Santo Agostinho,2025-07-06,414
1236,Amanda Eduarda Ferreira Freitas,39627466689,,+55 81 99185-2557,01/07/2002,Olinda,2019-04-13,456
1237,Thiago Rodrigues,18727420419,thiago.rodrigues600@outlook.com,,,Olinda,2025-07-18,378
1238,Francisca dos Silva Santos,,francisca.santos27@outlook.com,(81) 99479-8441,18/10/1970,Camaragibe,2021-05-12,999
1239,Camila Almeida,,,,09/11/1968,PETROLINA,2019-10-26,12
1240,Priscila Freitas Almeida,310.698.720-08,,81994348075,11/11/1957,Camaragibe,2024-04-12,90
1241,Joao Gabriela do Monteiro,,joao.monteiro189@gmail.com,81982519479,03/06/1964,CAMARAGIBE,2022-08-07,1027
1242,Gustavo Gomes Almeida,,gustavo.almeida576@hotmail.com,(81) 8647-9647,2003-01-27,Camaragibe,2023-05-08,618
1243,Pedro Costa Almeida,95281447807,,81989658208,1961-07-25,Recife,2019-04-13,654
1244,Josefa da Araújo Pereira,,josefa.pereira115@hotmail.com,+55 81 99125-3696,10/04/1972,JABOATÃO DOS GUARARAPES,2019-01-10,1025
1245,José de Oliveira Freitas,,JOSE.FREITAS991@OUTLOOK.COM,(81) 9080-5334,29/11/1959,Olinda,2023-05-11,131
1246,Camila Roberto Pereira,,,+55 81 98169-6668,28/09/1952,RECIFE,2023-07-19,758
1247,DIEGO VITÓRIA OLIVEIRA,29430003704,diego.oliveira293@outlook.com,+55 81 99911-9234,04/04/1998,Jaboatão dos Guararapes,2020-02-07,664
1248,Larissa Nascimento,47472560498,larissa.nascimento523@yahoo.com.br,(81) 99719-2379,,RECIFE,2021-08-31,1022
1249,Fernanda dos Araújo,,fernanda.araujo33@gmail.com,+55 81 98285-8718,09/08/1998,Olinda,2024-08-30,876
1250,Gustavo Lima,10314217509,,(81) 99713-8919,14/12/1960,CABO DE SANTO AGOSTINHO,2022-12-10,402
1251,Gustavo Henrique do Oliveira Carvalho,47225699679,gustavo.carvalho629@gmail.com,81985435800,29/10/1980,Paulista,2020-11-16,124
1252,Lucas do Costa Carvalho,461.526.546-88,,,01/07/1971,Paulista,2023-07-28,206
1253,RODRIGO MELO FREREIRA,17359848849,rodrigo.ferreira576@outlook.com,,07/02/1956,Caruaru,2019-05-12,330
1254,Bruno Silva Csota,475.055.777-35,,+55 81 99008-8327,15/04/1968,Olinda,2023-09-07,904
1255,Gabriel Miguel Costa,,,(81) 98923-3458,1955-05-25,Jaboatão dos Guararapes,2023-04-24,879
1256,Diego Roberto dos Lima Araújo,,diego.araujo268@hotmail.com,,1985-12-19,Petrolina,2022-10-24,865
1257,Juliana Eduarda dos Albuquerque Pereira,91311964207,,(81) 9331-2947,08/12/1961,Petrolina,2025-02-22,343
1258,CAMILA COSTA BARBOSA,49368063583,camila.barbosa663@outlook.com,,03/08/1957,Recife,2021-03-06,712
1259,José Henrique Alves,08632181211,jose.alves750@hotmail.com,+55 81 99446-5333,24/08/1974,Caruaru,2019-11-21,316
1260,Antônio Luiza Carvalh,648.422.940-60,,81985194417,01/08/1953,JABOATÃO DOS GUARARAPES,2023-04-12,107
1261,CAMILA CLARA NASCIMENTO ALBUQUERQUE,74488839258,camila.albuquerque797hotmail.com,+55 81 99124-2538,2003-10-23,Recife,2024-07-23,829
1262,Carlos Melo Gomes,,CARLOS.GOMES5@OUTLOOK.COM,81995520763,,Camaragibe,2023-04-29,796
1263,Camila Carvalho Almeida,23662994607,camila.almeida568@gmail.com,81989627226,1968-11-09,Petrolina,2022-10-04,12
1264,Letícia Aparecida dos Silva,767.514.975-04,LETICIA.SILVA982@HOTMAIL.COM,,27/10/1956,Caruaru,2019-05-18,715
1265,Lucas Carvalho Rodrigues,261.395.574-02,LUCAS.RODRIGUES97@OUTLOOK.COM,+55 81 98397-8549,20/03/1995,Recife,2024-04-24,1029
1266,LUIZ CAVALCANTI,,luiz.cavalcanti295@outlook.com,,2001-08-16,Paulista,2020-10-22,361
1267,Diego Luiza Nascimento,93708580672,diego.nascimento529@hotmail.com,+55 81 99237-0878,,Camaragibe,2020-11-18,437
1268,RFAAEL EDUARDA BARBOSA,,rafael.barbosa269@gmail.com,+55 81 99905-4622,,Cabo de Santo Agostinho,2020-03-28,918
1269,Mateus Gabriela Ribeiro,629.226.667-27,mateus.ribeiro947@gmail.com,(81) 99501-7160,16/08/1985,Olinda,2021-09-17,681
1270,Adriana da Melo,054.847.385-47,ADRIANA.MELO244@YAHOO.COM.BR,(81) 99500-1209,1968-05-09,Jaboatão dos Guararapes,2024-10-11,880
1271,Paulo dos Costa,133.252.861-94,,,2003-08-16,Camaragibe,2023-12-19,640
1272,Antônio Nascimento Carvalho,,antonio.carvalho673@gmail.com,+55 81 98243-4384,26/03/1983,JABOATÃO DOS GUARARAPES,2019-10-11,986
1273,Amanda Cristina Oliveira Araújo,59266108502,,,1994-06-09,Olinda,2022-04-25,192
1274,Larissa Miguel de Alves,41849378452,,81999108652,,Cabo de Santo Agostinho,2021-04-15,531
1275,João Cavalcanti,87956544297,,(81) 9891-4843,14/05/1973,Recife,2022-02-12,155
1276,Patrícia Ribeiro Silva,,patricia.silva96@outlook.com,81998467972,1979-09-05,CARUARU,2022-04-28,19
1277,Lucas Souza,,,,13/06/1951,Caruaru,2021-04-15,290
1278,Aline Cristina dos Melo Carvalho,70716944863,ALINE.CARVALHO995@GMAIL.COM,81990248387,,Recife,2019-06-15,1019
1279,Bruno Gabriela de Silva,,bruno.silva635@hotmail.com,81998994117,30/07/1966,OLINDA,2022-08-17,158
1280,CARLOS GABRIELA DA NASCIMENTO,04556238641,carlos.nascimento816@hotmail.com,81985874352,,Petrolina,2024-06-02,27
1281,Larissa Monteiro Nascimento,,LARISSA.NASCIMENTO970@YAHOO.COM.BR,+55 81 98213-3462,28/08/1988,Paulista,2020-04-07,496
1282,FELIPE CSTA RODRIGUES,508.951.237-03,felipe.rodrigues575@gmail.com,(81) 8271-5458,18/11/1959,Olinda,2020-07-04,695
1283,Tihago Souza Monteiro,2675512583,,81995664592,1999-01-20,JABOATÃO DOS GUARARAPES,2021-03-23,311
1284,Lucas Augusto da Freitas Araújo,706.905.711-35,,(81) 9753-3869,1958-03-12,PETROLINA,2019-03-10,894
1285,João Gabriela do Monteiro,13116694699,,,1964-06-03,Camaragibe,2024-11-15,1027
1286,  paulo miguel souza rodrigues ,049.388.194-81,paulo.rodrigues39@gmail.com,,1955-11-26,Caruaru,2020-02-23,457
1287,Mateus Aparecida dos Monteiro,,MATEUS.MONTEIRO890@OUTLOOK.COM,+55 81 98555-7429,21/06/1997,Paulista,2024-04-02,964
1288,Renata Cristina de Gomes,821.374.556-68,renata.gomes617gmail.com,(81) 8856-1323,10/04/1953,CAMARAGIBE,2019-07-09,423
1289,Juliana Vitória Barbosa Carvalho,96537155770,,(81) 98088-4010,12/12/1981,Jaboatão dos Guararapes,2021-08-12,933
1290,  felipe goms ,147.498.474-61,FELIPE.GOMES145@YAHOO.COM.BR,81989888068,1965-08-28,Paulista,2024-02-07,812
1291,Pedro Luiza Silva,417.996.546-13,pedro.silva504@yahoo.com.br,+55 81 99717-9354,,Paulista,2019-06-03,770
1292,Fernanda dos Araújo,27068756743,fernanda.araujo33@gmail.com,(81) 8285-8718,09/08/1998,Olinda,2024-11-03,876
1293,Pedro Clara do Rodrigues Ribeiro,53414391040,pedro.ribeiro229@hotmail.com,+55 81 98799-7140,05/02/1961,Petrolina,2020-07-10,1031
1294,Vanessa de Gomes,,vanessa.gomes9@yahoo.com.br,(81) 9018-6252,21/07/1998,Camaragibe,2019-01-26,532
1295,Rodrigo Helena Silva Carvalho,18091901500,,,2004-06-01,Olinda,2025-02-13,109
1296,VANESSA CRISTINA DA CAVALCANTI,91871096880,,,,Caruaru,2022-10-05,638
1297,Aline Aparecida de Araújo,928.091.663-74,,,2004-12-04,Petrolina,2019-03-19,790
1298,Felipe de Rodrigues,709.872.649-40,,81986151609,02/12/1965,Caruaru,2020-03-17,546
1299,Josefa Ferriera,40269089683,josefa.ferreira630@outlook.com,81993102095,12/07/1987,OLINDA,2022-08-26,889
1300,Luiz dos Oliveira Araújo,23165441340,,(81) 9556-6639,26/02/1992,Petrolina,2019-07-04,583
1301,Renaa Eduarda Costa,025.209.452-22,renata.costa655@hotmail.com,(81) 99244-9614,,Cabo de Santo Agostinho,2025-03-30,608
1302,Vinícius Albuquerque Nascimento,83339452288,vinicius.nascimento729@outlook.com,+55 81 99181-9139,,Cabo de Santo Agostinho,2023-04-10,105
1303,Francisca Silva,,francisca.silva79@hotmail.com,(81) 9220-7519,,Paulista,2025-03-16,961
1304,Jéssica Luiza de Lima,,,(81) 99570-3613,1978-11-18,Jaboatão dos Guararapes,2019-10-01,338
1305,Carlos Freitas Lima,925.192.018-43,,(81) 8423-8859,18/05/1971,Paulista,2020-02-27,756
1306,SEVERINO MELO,40991650867,severino.melo199@gmail.com,,13/12/1986,Camaragibe,2022-03-13,833
1307,Vanessa Souza Barbosa,25576881508,vanessa.barbosa352@outlook.com,+55 81 98817-6489,24/10/1954,OLINDA,2022-04-19,881
1308,  paulo dos ribeiro ,,paulo.ribeiro560@gmail.com,81983938821,1971-04-05,PAULISTA,2020-07-09,74
1309,Leonardo Almeida,,,81985997203,1997-11-26,Olinda,2022-02-17,389
1310,Priscila Vitória Ferreira,,priscila.ferreira972@gmail.com,+55 81 99706-1766,1957-11-24,Cabo de Santo Agostinho,2024-05-30,928
1311,GUSTAVO GOME ARAÚJO,677.153.902-40,gustavo.araujo701@hotmail.com,+55 81 98548-7014,1977-01-08,Cabo de Santo Agostinho,2022-03-09,760
1312,Leonardo do Santos,,leonardo.santos462@hotmail.com,(81) 9251-0836,,Petrolina,2022-03-09,39
1313,Bruno Miguel Cavalcanti,,bruno.cavalcanti5@hotmail.com,+55 81 98347-4694,1984-10-03,Caruaru,2020-06-30,104
1314,GABRIEL DE SOUZA,491.966.553-99,,81996573683,26/09/1994,Recife,2022-11-17,270
1315,Camila Augusto do Freitas,,camila.freitas891@yahoo.com.br,81990402885,1982-09-17,Petrolina,2024-02-03,1017
1316,Bruno do Carvalho,,bruno.carvalho564@gmail.com,,08/10/1977,Cabo de Santo Agostinho,2024-08-04,143
1317,Rodrigo Ferreira Monteiro,,rodrigo.monteiro991@gmail.com,(81) 99313-0083,12/01/1988,PETROLINA,2022-08-29,993
1318,Felipe de Rodrigues,,,,24/03/1977,Cabo de Santo Agostinho,2022-03-31,748
1319,LETÍCIA RODRIGUES,730.451.945-24,leticia.rodrigues519@outlook.com,(81) 9710-6248,1957-07-31,Cabo de Santo Agostinho,2022-08-25,920
1320,Aanda Luiza Costa Cavalcanti,64116566712,amanda.cavalcanti827@gmail.com,,14/02/1986,Caruaru,2019-08-29,6
1321,JSOÉ ALMEIDA,,jose.almeida683@hotmail.com,(81) 99662-6464,11/04/1960,Petrolina,2019-01-15,678
1322,Aline do Almeida Ferreira,871.638.762-70,aline.ferreira397@gmail.com,+55 81 99603-9332,10/12/1993,Camaragibe,2020-11-28,942
1323,Marcos Eduarda Silva,,marcos.silva659@hotmail.com,(81) 8585-5232,,Cabo de Santo Agostinho,2021-08-07,706
1324,Priscila Silva,81867024403,priscila.silva774@gmail.com,(81) 8829-8304,1953-01-11,Camaragibe,2019-03-24,300
1325,VANESSA LIMA,478.519.610-68,vanessa.lima213@yahoo.com.br,,09/09/1965,Cabo de Santo Agostinho,2021-09-29,172
1326,Luiz Lima,60001440756,luiz.lima130@yahoo.com.br,+55 81 98225-9514,1977-05-11,Paulista,2022-04-30,599
1327,Rodrigo Eduarda da Melo Alves,948.454.225-57,,(81) 98338-3012,1967-08-07,Paulista,2020-02-12,915
1328,Larissa da Melo,378.146.047-96,,(81) 8985-1581,1969-12-05,CABO DE SANTO AGOSTINHO,2022-12-10,586
1329,Leonardo Gabriela dos Monteiro Silva,,,,23/10/1966,Jaboatão dos Guararapes,2019-11-30,989
1330,Ana Cristina Souza,904.322.302-62,,,24/11/1961,Camaragibe,2022-05-12,412
1331,Maria Almeida,37729420910,maria.almeida858@outlook.com,81996857008,1961-01-28,Camaragibe,2021-07-10,236
1332,Amanda Alves,87777014960,,(81) 99294-1849,,Jaboatão dos Guararapes,2024-07-24,900
1333,Larissa Helena Cavalcanti Barbosa,27114773200,,(81) 8177-3432,,Cabo de Santo Agostinho,2024-07-09,178
1334,Gabriel Miguel Costa,,,,1955-05-25,Jaboatão dos Guararapes,2020-01-18,879
1335,Letícia Miguel Ribeiro Souza,30554885123,leticia.souza100@gmail.com,(81) 99652-2945,,Petrolina,2020-05-19,103
1336,Gabriel Vitória dos Oliveira Nascimento,,GABRIEL.NASCIMENTO394@YAHOO.COM.BR,81985487588,,Olinda,2025-06-11,314
1337,Carlos Luiza Santos,308.356.691-30,,+55 81 98516-7107,17/11/1990,Olinda,2025-06-01,424
1338,Leonardo Aparecida Lima,,leonardo.lima21@yahoo.com.br,(81) 98193-6383,13/06/1985,Jaboatão dos Guararapes,2023-12-29,1036
1339,Felipe Santos Souza,46709367274,FELIPE.SOUZA915@OUTLOOK.COM,(81) 8430-0832,04/03/1995,Recife,2020-03-09,987
1340,Beatriz Melo Cavalcanti,07563353534,beatriz.cavalcanti65@yahoo.com.br,(81) 99862-2567,27/07/1980,Caruaru,2019-03-21,365
1341,Gustavo da Gomes Almeida,,gustavo.almeida576@hotmail.com,(81) 98647-9647,27/01/2003,CAMARAGIBE,2025-01-06,618
1342,Thiago Eduarda dos Costa,491.357.790-55,thiago.costa154@hotmail.com,(81) 9219-9060,12/12/1952,Petrolina,2021-09-29,324
1343,Antônio Lima,48435074587,ANTONIO.LIMA906@GMAIL.COM,+55 81 98827-9619,08/07/1966,RECIFE,2019-02-19,949
1344,Felipe da Silva Alves,817.357.921-01,felipe.alves373@gmail.com,+55 81 98457-1707,31/05/1980,Recife,2019-03-05,781
1345,João Luiza Alves Freitas,611.002.255-10,joao.freitas321@yahoo.com.br,(81) 98311-8928,07/06/1983,Caruaru,2019-08-29,100
1346,Gabriel de Souza,491.966.553-99,gabriel.souza575@hotmail.com,+55 81 99657-3683,1994-09-26,RECIFE,2024-03-06,270
1347,Letícia da Silva,,leticia.silva297@gmail.com,(81) 8173-7029,26/05/1997,Caruaru,2019-09-23,637
1348,LUIZ APARECIDA PREEIRA,,luiz.pereira701@yahoo.com.br,(81) 8805-8704,29/04/1987,Caruaru,2020-07-08,983
1349,Diego Luiza Nasicmento,,diego.nascimento529@hotmail.com,+55 81 99237-0878,27/08/1954,Camaragibe,2022-04-19,437
1350,Larissa Gabriela Monteiro Santos,,LARISSA.SANTOS995@GMAIL.COM,(81) 9239-9498,1952-08-02,Jaboatão dos Guararapes,2025-02-06,307
1351,Bruno Helena do Rodrigues,,bruno.rodrigues452@yahoo.com.br,,13/05/1998,Caruaru,2025-04-24,897
1352,Amanda Nascimento,20461872374,,(81) 8042-3305,10/12/1960,Paulista,2022-07-02,128
1353,Antônio Luiza de Souza Silva,155.587.094-56,,81985096430,31/08/1963,Camaragibe,2021-07-03,763
1354,Juliana Oliveira Pereira,203.668.642-70,juliana.pereira215@yahoo.com.br,81998291865,01/12/1984,Jaboatão dos Guararapes,2024-06-01,817
1355,Josefa Clara Oliveira Lima,19881927730,,81981089851,,Paulista,2023-04-04,404
1356,Severino Freitsa,335.421.689-12,SEVERINO.FREITAS5@OUTLOOK.COM,,07/02/1954,Camaragibe,2020-09-19,98
1357,Renata Luiza Almeida,543.079.637-92,RENATA.ALMEIDA796@HOTMAIL.COM,+55 81 98060-6394,09/09/1952,Olinda,2021-05-06,497
1358,Gabriel Miguel Souza,,gabriel.souza228@outlook.com,(81) 99155-8851,1994-03-25,Caruaru,2023-10-27,655
1359,Pedro dos Cavalcanti,08641686240,pedro.cavalcanti586@hotmail.com,+55 81 99876-6865,10/10/1967,Cabo de Santo Agostinho,2023-08-22,135
1360,Patrícia Cristina da Costa,46983306708,patricia.costa455@yahoo.com.br,(81) 98074-6692,18/04/1986,Cabo de Santo Agostinho,2021-04-20,588
1361,LETÍCIA AUGUSTO LIMA RODRGIUES,50274564416,leticia.rodrigues120@outlook.com,(81) 9462-2194,20/10/1964,Caruaru,2021-04-14,189
1362,Adriana Oliveira,84852008965,,81990198604,05/12/1987,Olinda,2022-10-20,201
1363,Rodrigo do Cavalcanti Ferreira,18517696506,,(81) 99097-9308,,Recife,2023-06-07,955
1364,Felipe Eduarda dos Cavalcanti Araújo,,felipe.araujo525@outlook.com,81986906569,07/10/1993,Petrolina,2022-08-14,269
1365,RENTAA COSTA,,RENATA.COSTA673@HOTMAIL.COM,,13/07/1978,Caruaru,2023-06-09,87
1366,Diego Albuquerque,,DIEGO.ALBUQUERQUE314@GMAIL.COM,+55 81 98862-8774,1960-09-21,Cabo de Santo Agostinho,2024-10-11,805
1367,Tatiane Costa Melo,64957823227,TATIANE.MELO157@HOTMAIL.COM,,1996-12-29,Jaboatão dos Guararapes,2020-08-19,139
1368,Lucas da Barbosa Oliveira,,lucas.oliveira509@hotmail.com,(81) 9155-7515,08/10/1990,Recife,2023-09-11,555
1369,Betariz Ferreira,71162411244,beatriz.ferreira914@outlook.com,(81) 98496-4513,12/07/1994,Jaboatão dos Guararapes,2025-05-12,169
1370,Antônio do Monteiro Nascimento,091.595.678-05,,,17/08/2000,Caruaru,2019-05-06,996
1371,Ferannda do Rodrigues,77128061959,fernanda.rodrigues2@gmail.com,(81) 8886-5095,1985-05-18,Petrolina,2020-08-14,1038
1372,Ana do Carvalho,,,,30/10/1988,Petrolina,2024-01-15,767
1373,Francisca Santos Nascimento,405.468.356-86,francisca.nascimento96@outlook.com,81983267525,22/09/1979,Petrolina,2019-11-04,258
1374,Larissa dos Gomes Ferreira,94711246118,,+55 81 99650-1441,20/03/1998,Recife,2021-11-19,922
1375,Diego Carvalho,292.546.862-47,diego.carvalho52@yahoo.com.br,(81) 9862-2727,1996-04-23,Camaragibe,2022-10-17,569
1376,Mateus da Souza Nascimento,14876963967,mateus.nascimento570@hotmail.com,(81) 9618-5807,07/06/1984,OLINDA,2025-06-09,151
1377,Amanda Roberto Gomes,84401348001,,,10/10/1976,Paulista,2019-08-07,425
1378,Thiago Augusto Ribeiro,16184959336,THIAGO.RIBEIRO550@GMAIL.COM,(81) 98764-6997,1975-12-18,Olinda,2020-12-01,2
1379,Felipe Luiza da Costa Nascimento,65419518023,felipe.nascimento255@hotmail.com,,13/02/1954,Petrolina,2021-09-20,82
1380,Lucas Eduarda Barbosa Souza,,lucas.souza807@hotmail.com,,04/07/1989,Camaragibe,2019-07-21,465
1381,Carlos Aparecida Nascimento,76771928829,,(81) 98763-9298,20/04/1955,JABOATÃO DOS GUARARAPES,2021-05-06,1002
1382,Adriana Gabriela Gomes Melo,01376836777,adriana.melo558@outlook.com,+55 81 98314-6981,,Cabo de Santo Agostinho,2021-10-05,634
1383,Letícia Rodrigues,,,(81) 99710-6248,1957-07-31,Cabo de Santo Agostinho,2022-06-30,920
1384,Rodrigo Miguel Almeida,23221091265,rodrigo.almeida680@outlook.com,(81) 98759-0710,1959-10-12,CAMARAGIBE,2024-03-22,859
1385,Luiz Aparecida Barbosa,,luiz.barbosa217@hotmail.com,,,PETROLINA,2025-01-07,946
1386,Patrícia Gomes,45511668206,PATRICIA.GOMES267@YAHOO.COM.BR,81986036969,,Recife,2019-10-27,293
1387,Carlos Freitas Liam,92519201843,carlos.lima29@hotmail.com,,1971-05-18,PAULISTA,2024-03-26,756
1388,Marcos do Freitas,,,(81) 8189-6030,1992-01-21,Olinda,2019-05-07,837
1389,Luiz Gabriela de Cavalcanti Barbosa,,luiz.barbosa100@gmail.com,(81) 98292-3833,1953-02-27,CARUARU,2024-05-11,440
1390,Patrícia Henrique Araújo Carvalho,,patricia.carvalho575@yahoo.com.br,(81) 98566-4201,2020-01-13,Petrolina,2019-01-10,960
1391,MARCOS DO FREITAS,,marcos.freitas529@yahoo.com.br,,21/01/1992,Olinda,2020-08-30,837
1392,TATIANE MONTEIRO,,,+55 81 98995-3880,22/01/1968,Olinda,2024-08-07,930
1393,Diego Roberto Alves Barbosa,777.496.903-95,diego.barbosa712@hotmail.com,,11/01/1971,Petrolina,2021-07-31,217
1394,Vinícius Gabriela do Pereira Monteiro,,,81996618463,1989-07-14,Cabo de Santo Agostinho,2020-06-16,430
1395,Gabriel Vitória Santos,181.677.848-60,gabriel.santos879@gmail.com,(81) 99158-7700,15/06/1965,Camaragibe,2021-06-09,471
1396,Rafael Eduarda Barbosa,616.878.732-16,,,02/06/2004,Cabo de Santo Agostinho,2021-04-19,918
1397,Maria Gomes,,,(81) 9983-0386,,Paulista,2021-12-22,851
1398,Carlos Miguel do Oliveira,711.713.219-10,carlos.oliveira332@outlook.com,81984541886,23/03/1977,CABO DE SANTO AGOSTINHO,2021-02-07,648
1399,BRUNO MIGUEL RIBEIRO,29745493066,,(81) 8991-6482,,Cabo de Santo Agostinho,2021-04-20,414
1400,Paulo da Rodrigues,,paulo.rodrigues641@hotmail.com,(81) 9341-1998,1974-01-10,Paulista,2023-07-28,418
1401,Rafael dos Albuquerque,,rafael.albuquerque25@gmail.com,(81) 99362-4519,,Caruaru,2024-11-18,868
1402,Thiago Cristina do Alves Ferreira,,thiago.ferreira509@gmail.com,(81) 8406-9596,27/12/1951,Camaragibe,2025-06-07,929
1403,Jéssica da Nascimento Monteiro,65426836825,jessica.monteiro277@outlook.com,+55 81 99677-1574,23/07/1990,Olinda,2019-08-15,832
1404,AMANDA ROBERTO MONTEIRO,74305025694,,(81) 8984-8800,1960-11-06,Paulista,2021-05-12,1021
1405,Leonardo de Lima,564.771.158-83,leonardo.lima425hotmail.com,(81) 9760-5536,20/01/1992,Recife,2023-07-02,836
1406,Severino Souza,30852315600,severino.souza101@hotmail.com,(81) 98972-4736,03/06/1966,Camaragibe,2024-04-08,912
1407,Amanda Alvs,87777014960,AMANDA.ALVES952@YAHOO.COM.BR,81992941849,1995-06-11,Jaboatão dos Guararapes,2021-09-10,900
1408,Leonardo Augusto Barbosa,46736316332,,(81) 9859-2818,1976-05-01,Petrolina,2019-07-21,1008
1409,Larissa Augusto Melo Araújo,886.312.407-88,,,1998-09-19,Olinda,2022-10-05,968
1410,Adriana do Albuquerque Gomes,008.248.458-97,adriana.gomes924@gmail.com,(81) 98001-8279,1999-11-28,PAULISTA,2025-03-16,530
1411,Pedro Freitas Souza,,pedro.souza146@outlook.com,,13/11/1973,Olinda,2023-10-11,428
1412,Josefa Gabriela da Lima Araújo,172.665.282-32,josefa.araujo213@outlook.com,(81) 9807-6646,,CAMARAGIBE,2020-08-01,677
1413,Vanessa Monteiro,,vanessa.monteiro290@gmail.com,(81) 8508-5842,05/03/1959,Jaboatão dos Guararapes,2023-06-10,368
1414,Josefa Luiza Costa,,josefa.costa719@yahoo.com.br,+55 81 99236-7026,1987-12-20,Camaragibe,2020-03-11,453
1415,Thiago Oliveira,477.894.896-31,,81981711042,,CABO DE SANTO AGOSTINHO,2022-02-10,385
1416,VINÍCIS APARECIDA DE ALBUQUERQUE,34133513975,vinicius.albuquerque552@gmail.com,81989130327,03/01/1967,Recife,2023-11-25,739
1417,Rodrigo da Almeida Alves,54421578304,rodrigo.alves865@yahoo.com.br,(81) 99459-8735,17/12/1975,Recife,2020-06-27,843
1418,Leonardo Barbosa,,LEONARDO.BARBOSA478@HOTMAIL.COM,(81) 8770-1672,1988-04-15,Caruaru,2020-07-18,788
1419,Thiago Nascimento,,THIAGO.NASCIMENTO188@OUTLOOK.COM,(81) 8673-1263,1970-05-02,Caruaru,2024-09-09,347
1420,Camila Augusto Souza,86156409980,camila.souza685@outlook.com,(81) 9036-5947,1994-05-29,Caruaru,2019-08-17,705
1421,Tatiane Roberto Rodrigues Costa,,tatiane.costa117@hotmail.com,(81) 99966-8781,1982-07-06,CABO DE SANTO AGOSTINHO,2019-10-10,357
1422,Carlos Melo Gomes,,carlos.gomes130@outlook.com,(81) 99722-5637,16/10/1982,Petrolina,2025-05-17,795
1423,Larissa Monteiro Nascimento,,,(81) 8213-3462,28/08/1988,Paulista,2022-06-08,496
1424,Rafael de Ribeiro Barbosa,,RAFAEL.BARBOSA895@OUTLOOK.COM,(81) 9785-4828,1974-01-09,Cabo de Santo Agostinho,2022-10-22,969
1425,Patrícia Gabriela Almeida,03977397370,patricia.almeida67@hotmail.com,+55 81 99678-4428,22/12/1959,CARUARU,2019-06-13,321
1426,Vinícius Almeida,,vinicius.almeida7@hotmail.com,(81) 99075-9737,2004-02-13,Paulista,2022-02-22,68
1427,  mateus gabriela ribeiro ,,mateus.ribeiro947@gmail.com,(81) 9501-7160,1985-08-16,Olinda,2022-04-28,681
1428,Felipe Henrique dos Costa,70096873078,felipe.costa707@outlook.com,,27/08/2003,Caruaru,2023-07-04,373
1429,Gabriel Silva,94234037001,,+55 81 98641-1828,04/12/1970,Paulista,2024-06-17,842
1430,Antônio Araújo,174.690.298-18,ANTONIO.ARAUJO700@HOTMAIL.COM,81980978837,27/08/1973,Paulista,2024-08-14,493
1431,Juliana Souza Gomes,,juliana.gomes225@hotmail.com,+55 81 99300-6258,1969-12-08,Caruaru,2024-01-29,573
1432,Francisca Gabriela Almeida,,francisca.almeida167@yahoo.com.br,(81) 8834-3108,1950-10-21,Jaboatão dos Guararapes,2020-06-24,595
1433,Jéssica dos Araújo,95310297766,jessica.araujo905@gmail.com,+55 81 99076-0679,,Petrolina,2020-10-24,691
1434,Pedro Cristina da Ribeiro,71812982674,,(81) 99512-9218,27/03/1952,Jaboatão dos Guararapes,2020-01-09,142
1435,Renata Vitoria Araujo,,RENATA.ARAUJO714@GMAIL.COM,+55 81 99220-6916,1951-06-15,Camaragibe,2020-02-11,263
1436,Aline Roberto dos Araújo,,ALINE.ARAUJO474@GMAIL.COM,81989830351,02/06/2002,Recife,2019-05-09,529
1437,Gabriel Auugsto do Araújo,,gabriel.araujo876@hotmail.com,+55 81 99428-4908,1960-10-22,Cabo de Santo Agostinho,2025-07-11,577
1438,João Luiza Souza,,,(81) 8697-8397,22/01/1985,Olinda,2024-01-21,267
1439,Adriana Melo,889.413.210-26,adriana.melo686@yahoo.com.br,(81) 98205-3663,20/07/1965,OLINDA,2020-06-24,512
1440,FERNANDA DOS BARBOSA COSTA,38715154777,fernanda.costa264@outlook.com,(81) 98386-7783,1960-03-10,Cabo de Santo Agostinho,2021-01-02,963
1441,  lucas oliveira ,,,81990584988,06/06/1989,Recife,2021-10-19,828
1442,Ana Gabriela Santos Alves,09284672015,ana.alves739@gmail.com,+55 81 98661-2697,,JABOATÃO DOS GUARARAPES,2022-07-13,686
1443,Beatriz Gabriela da Melo Oliveira,44920749295,beatriz.oliveira823@yahoo.com.br,(81) 9921-7135,21/09/1983,Camaragibe,2025-06-30,426
1444,Diego Cristina dos Cavalcanti,,,(81) 9357-3458,2003-01-01,Petrolina,2020-04-14,407
1445,Maria Miguel Ferreira Rodrigues,095.367.734-65,maria.rodrigues179@outlook.com,+55 81 99583-4259,26/10/1970,Caruaru,2023-05-17,641
1446,Renata Almeida Albuquerque,384.253.646-12,renata.albuquerque516@hotmail.com,+55 81 99110-1427,19/12/1979,Recife,2019-02-09,483
1447,Josefa Luiza Costa,,JOSEFA.COSTA28@HOTMAIL.COM,,2012-12-13,Recife,2024-03-13,454
1448,Patrícia da Nascimenot Araújo,014.388.899-41,patricia.araujo109@hotmail.com,,,Cabo de Santo Agostinho,2019-04-03,70
1449,Rafael Miguel dos Cavalcanti,,rafael.cavalcanti523@gmail.com,,03/10/1996,Jaboatão dos Guararapes,2024-05-19,535
1450,Renata Luiza de Monteiro Ribeiro,,renata.ribeiro685@yahoo.com.br,81983080275,01/09/1973,Camaragibe,2021-05-20,272
1451,Thiago de Preeira,317.955.633-11,thiago.pereira775@gmail.com,(81) 9603-8312,26/11/1972,Olinda,2024-10-25,333
1452,Thiago Cristina Santos Barbosa,,,81989571727,1995-01-28,CARUARU,2021-09-10,714
1453,Maria Barbosa Freitas,59096459865,maria.freitas755@yahoo.com.br,+55 81 98931-3539,18/11/1952,Jaboatão dos Guararapes,2024-04-11,703
1454,Aline Helena do Gomes Rodrigues,,,(81) 8170-1051,19/09/1998,Recife,2024-01-16,619
1455,Priscila Ribeiro,,,,2003-09-01,Caruaru,2023-04-16,518
1456,Carlos Pereira,,carlos.pereira204@yahoo.com.br,+55 81 98526-8222,,Caruaru,2023-05-05,138
1457,João dos Lima Barbosa,,JOAO.BARBOSA901@GMAIL.COM,,,CARUARU,2021-05-27,94
1458,Carlos Araújo,735.631.631-54,carlos.araujo79@hotmail.com,81992298482,13/08/1981,CABO DE SANTO AGOSTINHO,2021-05-15,700
1459,Josefa Lima,368.516.048-68,,(81) 99236-7682,09/07/1973,Petrolina,2024-03-16,29
1460,Francisca Augusto Freitas,,francisca.freitas799@outlook.com,(81) 98317-6413,13/01/2000,Olinda,2023-07-20,680
1461,Brnuo Gabriela de Silva,,BRUNO.SILVA635@HOTMAIL.COM,+55 81 99899-4117,30/07/1966,OLINDA,2023-05-28,158
1462,Joao Ribeiro Lima,,joao.lima856@yahoo.com.br,(81) 99425-0860,1983-05-07,Recife,2020-03-31,256
1463,Pedro do Cavalcanti Pereira,341.722.329-65,,(81) 9395-8118,18/04/1994,CAMARAGIBE,2022-10-15,197
1464,Camila do Melo Lima,34268344136,camila.lima700@outlook.com,+55 81 99831-5038,14/06/1966,PETROLINA,2024-03-04,278
1465,Renata Vitória Araújo,82963533934,renata.araujo714@gmail.com,+55 81 99220-6916,15/06/1951,Camaragibe,2020-04-09,263
1466,Bruno Lima,319.646.300-10,bruno.lima781@outlook.com,(81) 8446-0794,,PETROLINA,2021-12-23,393
1467,Ana do Rodrigues,,,,24/12/1994,Olinda,2019-10-13,773
1468,Diego Lima,86060480209,diego.lima936@hotmail.com,(81) 8042-9286,19/07/1987,Caruaru,2024-08-20,725
1469,Aline da Cavalcanti,300.869.661-97,aline.cavalcanti771@gmail.com,,,Paulista,2022-02-17,429
1470,Ana do Carvalho,,,(81) 9501-3212,1963-11-06,PAULISTA,2021-06-28,766
1471,Carlos dos Almeida,,,,09/02/1965,Petrolina,2019-06-25,910
1472,Antônio dos Gomes,62637484519,antonio.gomes503@hotmail.com,,,Caruaru,2020-10-22,346
1473,Vanessa Clara do Barbosa Freitas,,vanessa.freitas164@outlook.com,(81) 99903-3571,1952-11-27,Jaboatão dos Guararapes,2020-07-09,46
1474,Lucas Clara da Ferreira Freitas,,lucas.freitas256@yahoo.com.br,(81) 8601-8345,21/10/1979,Petrolina,2025-01-05,10
1475,MATEUS MONTEIRO,62787902545,mateus.monteiro932@gmail.com,(81) 98053-0542,1973-11-26,Petrolina,2023-01-10,786
1476,Felipe Clara da Silva,995.428.873-29,,+55 81 99348-7712,1983-11-07,PETROLINA,2023-11-10,709
1477,Bruno Helena Ferreira,,BRUNO.FERREIRA798@GMAIL.COM,,24/03/2001,Jaboatão dos Guararapes,2024-04-24,327
1478,Ana de Carvalho,,,(81) 8308-4877,,Petrolina,2025-04-09,257
1479,Juliana da Cavalcanti Monteiro,,,+55 81 99961-9171,25/09/1960,Petrolina,2020-10-07,129
1480,Bruno Araújo,,bruno.araujo836@yahoo.com.br,(81) 99184-4826,28/03/1978,Paulista,2025-05-05,509
1481,SEVERINO DA ALVES,438.421.503-77,,(81) 99697-8364,1952-03-28,Cabo de Santo Agostinho,2020-10-07,148
1482,Diego Gomes Oliveira,75067761032,,+55 81 99952-8718,1964-12-26,Recife,2020-09-09,527
1483,Maria Aparecida Carvalho Freitas,,,(81) 98056-2904,04/04/1997,Olinda,2022-03-16,717
1484,Vanessa Souza Barbosa,701.799.932-08,VANESSA.BARBOSA564@OUTLOOK.COM,+55 81 98138-1649,18/02/1965,CAMARAGIBE,2025-06-03,584
1485,  juliana cristina barbosa cavalcanti ,50663370590,juliana.cavalcanti651@gmail.com,(81) 8876-8803,2004-04-25,CABO DE SANTO AGOSTINHO,2022-01-06,230
1486,Rafael de Albuquerque,,RAFAEL.ALBUQUERQUE355@HOTMAIL.COM,81992320142,01/08/1994,RECIFE,2024-02-25,479
1487,Jéssica de Ribeiro Souza,661.106.273-48,jessica.souza151@yahoo.com.br,81992391457,1997-03-19,PETROLINA,2020-08-14,202
1488,João dos Monteiro,661.366.280-15,joao.monteiro455@gmail.com,+55 81 98460-0493,,Olinda,2021-06-21,679
1489,Tatiane Souza Araujo,58104573470,,(81) 9928-2000,05/12/1976,CAMARAGIBE,2024-09-12,847
1490,Gabriel do Freitas,16457527558,GABRIEL.FREITAS764@OUTLOOK.COM,(81) 9687-2441,20/01/1968,JABOATÃO DOS GUARARAPES,2019-10-15,988
1491,Amanda do Barbosa Melo,307.464.520-20,amanda.melo779@outlook.com,(81) 98018-6957,1974-01-21,Paulista,2020-03-06,302
1492,Aline do Barbosa,101.850.880-58,,(81) 9352-6505,1977-11-09,CARUARU,2023-09-19,1043
1493,Josefa da Rodrigues Oliveira,61019753552,josefa.oliveira837@outlook.com,(81) 98891-2090,1953-11-05,CARUARU,2025-06-14,543
1494,João de Lima,,,+55 81 98792-3202,31/05/1986,Paulista,2019-06-01,182
1495,José Araújo,42673512799,JOSE.ARAUJO403@HOTMAIL.COM,81990600605,1980-12-27,PAULISTA,2024-07-09,665
1496,Carlos Pereira,,carlos.pereira204@yahoo.com.br,,1951-08-26,Caruaru,2023-04-15,138
1497,Lucas Gabriela Albuquerque,821.009.968-00,,(81) 8704-8205,,Paulista,2019-08-11,110
1498,Leonardo Clara do Oliveira,15325947982,,(81) 9469-8911,1975-05-07,Recife,2025-06-29,485
1499,FELIPE EDURDA DOS CAVALCANTI ARAÚJO,,FELIPE.ARAUJO525@OUTLOOK.COM,(81) 8690-6569,1993-10-07,Petrolina,2025-05-13,269
1500,Camila Barbosa,,camila.barbosa825@hotmail.com,(81) 9405-0380,1980-03-10,Camaragibe,2021-02-03,467
1501,José Aparecida dos Carvalho,,,(81) 8963-0201,22/05/1967,Petrolina,2019-01-24,997
1502,Larissa Luiza Lima,,larissa.lima518@outlook.com,81997841161,17/12/1992,CARUARU,2020-08-09,751
1503,Gustavo Eduarda Albuquerque Freitas,23571558685,,81999361559,1981-07-02,PETROLINA,2020-03-17,375
1504,Aline Araújo,459.824.378-32,aline.araujo759@gmail.com,81994777233,,Camaragibe,2020-07-25,939
1505,Mateus Ribeiro,,mateus.ribeiro947gmail.com,,,Olinda,2022-04-06,681
1506,Vanessa Gabriela Alves Costa,405.714.469-22,vanessa.costa481@outlook.com,+55 81 99664-4266,10/12/1972,Recife,2025-02-26,684
1507,Marcos Albuquerque,,marcos.albuquerque934@gmail.com,(81) 9346-7610,13/02/1963,Olinda,2023-03-27,937
1508,Marcos Augusto Carvalho Rodrigues,,marcos.rodrigues107@outlook.com,81987180536,06/03/1978,JABOATÃO DOS GUARARAPES,2022-11-10,735
1509,MARIA FREITAS,312.797.573-29,maria.freitas208@yahoo.com.br,(81) 98140-3456,,Petrolina,2023-06-19,141
1510,Gabriel Cavalcanti Carvalho,27028951740,,+55 81 98051-4979,,Petrolina,2024-12-25,26
1511,VANESSA DA ARAÚJO LIMA,79955302429,,(81) 98188-0727,07/01/1957,Jaboatão dos Guararapes,2020-03-09,516
1512,DIEGO NASCIMENTO CAVALCANTI,871.584.156-19,diego.cavalcanti791@gmail.com,(81) 98317-3696,18/05/1970,Cabo de Santo Agostinho,2025-01-18,337
1513,FERNANDA DOS BARBOSA COSTA,,fernanda.costa264outlook.com,81983867783,10/03/1960,Cabo de Santo Agostinho,2021-08-14,963
1514,Luiz Aparecida Pereira,109.367.677-90,luiz.pereira701@yahoo.com.br,81988058704,1987-04-29,CARUARU,2021-10-21,983
1515,Paulo do Ferreira,49950438969,paulo.ferreira24@yahoo.com.br,,1985-09-13,CAMARAGIBE,2019-04-05,1028
1516,Larissa dos Gomes Ferreira,39271954050,,(81) 99733-2948,04/03/1978,Petrolina,2022-02-09,921
1517,Francisca Cristina Monteiro,,francisca.monteiro10@hotmail.com,(81) 9901-8120,29/08/1992,CAMARAGIBE,2020-08-13,64
1518,Lucas Alves,,,+55 81 98633-0116,1976-11-16,Cabo de Santo Agostinho,2021-02-06,906
1519,Josefa Santos,23530976695,josefa.santos532@gmail.com,,12/12/1985,Jaboatão dos Guararapes,2019-01-18,600
1520,Mateus do Alves Araújo,94255778205,,(81) 9699-0383,06/01/1963,Caruaru,2020-04-03,374
1521,Severino Luiza Souza,308.523.156-00,severino.souza101@hotmail.com,(81) 8972-4736,1966-06-03,Camaragibe,2020-10-09,912
1522,Vinícius dos Carvalho,838.727.258-23,vinicius.carvalho369@gmail.com,(81) 98521-9453,1978-05-30,Recife,2021-02-07,517
1523,Juliana dos Monteiro,929.831.687-94,juliana.monteiro976@hotmail.com,,17/01/1975,Recife,2023-07-24,166
1524,Lucas Clara da Ferreira Freitas,158.692.322-60,LUCAS.FREITAS256@YAHOO.COM.BR,81986018345,1979-10-21,Petrolina,2022-06-04,10
1525,Carlos Helena da Ferreira Almeida,,carlos.almeida468@hotmail.com,81986363300,1967-03-14,Petrolina,2020-08-31,216
1526,Fernanda Luiza Oliveira,,fernanda.oliveira61@outlook.com,(81) 99943-7086,19/06/1971,Cabo de Santo Agostinho,2019-05-19,397
1527,Letícia Luiza Araújo Ferreira,,,81981284542,26/11/1998,JABOATÃO DOS GUARARAPES,2023-10-28,261
1528,Pedro Rodrigues Costa,,,81991828850,,Camaragibe,2023-01-24,862
1529,Thiago Helena Barbosa,638.655.779-46,thiago.barbosa258@gmail.com,,1964-11-09,Paulista,2024-05-26,114
1530,Adriana Carvalho,,adriana.carvalho999@hotmail.com,(81) 99482-8703,28/08/2011,Camaragibe,2023-11-08,559
1531,Lucas Gabriela de Araújo,,lucas.araujo418@gmail.com,(81) 99600-4784,1950-07-13,Caruaru,2022-01-22,14
1532,Pedro Souza,996.508.269-39,PEDRO.SOUZA146@OUTLOOK.COM,81994567508,13/11/1973,Olinda,2022-06-26,428
1533,Thiago Roberto Rodrigues,97265571355,thiago.rodrigues778@yahoo.com.br,+55 81 99933-3647,1987-02-28,Cabo de Santo Agostinho,2024-10-23,1003
1534,Beatriz Roberto do Oliveira,45605956310,,,1995-03-13,Recife,2022-09-18,768
1535,Lucas Eduarda Araújo,,,81987245912,2002-02-10,Paulista,2023-10-30,1015
1536,Maria Eduarda de Lima,73798979006,maria.lima702@yahoo.com.br,+55 81 99817-9020,,Camaragibe,2024-10-10,553
1537,Priscila Miguel do Freitas Barbosa,331.503.219-05,priscila.barbosa884@outlook.com,(81) 99159-1222,1982-07-20,Olinda,2024-02-18,844
1538,VANESSA DOS SILVA,1424731038,vanessa.silva305@yahoo.com.br,,,Olinda,2022-02-24,372
1539,Amanda Roberto do Monteiro,74304025694,amanda.monteiro110@gmail.com,+55 81 98984-8800,1960-11-06,Paulista,2024-04-03,1021
1540,Paulo Miguel Souza Rodrigues,,paulo.rodrigues39@gmail.com,+55 81 98836-4801,1955-11-26,CARUARU,2023-06-06,457
1541,Josefa dos Pereira,11420677033,josefa.pereira296@gmail.com,(81) 98252-9597,,CARUARU,2022-02-12,639
1542,José de Santos Cavalcanti,,,+55 81 99571-6718,,Jaboatão dos Guararapes,2023-04-02,130
1543,Larissa Augusto Lima Pereira,,,81992844018,,Cabo de Santo Agostinho,2023-03-29,651
1544,Lucas Barbosa Souza,35926648670,lucas.souza807@hotmail.com,+55 81 99843-9909,04/07/1989,Camaragibe,2019-11-18,465
1545,Antônio do Monteiro Nascimento,09159567805,,(81) 98698-8953,2000-08-17,Caruaru,2021-06-19,996
1546,JÉSSICA LUIZA LIMA,96340646808,jessica.lima554@yahoo.com.br,(81) 9570-3613,18/11/1978,Jaboatão dos Guararapes,2022-12-06,338
1547,João da Santos,44077811066,joao.santos828@yahoo.com.br,+55 81 99842-2375,1977-03-11,Caruaru,2020-02-07,722
1548,LETÍCIA HELENA ARAÚJO SANOS,641.978.575-86,leticia.santos311@outlook.com,(81) 98600-0859,17/01/1988,Petrolina,2022-04-16,315
1549,  diego carvalho ,29254686247,,,23/04/1996,Camaragibe,2019-01-25,569
1550,Rodrigo Albuquerque,542.188.087-75,rodrigo.albuquerque713@gmail.com,(81) 98494-9913,17/07/1971,Camaragibe,2022-09-17,495
1551,Vanessa Lima,478.519.610-68,vanessa.lima213@yahoo.com.br,,1965-09-09,Cabo de Santo Agostinho,2025-04-09,172
1552,José Helena Pereira Ribeiro,,jose.ribeiro942@yahoo.com.br,+55 81 99549-2029,21/04/1966,RECIFE,2024-04-10,15
1553,JOSEFA FERREIRA,,josefa.ferreira630@outlook.com,81993102095,,Olinda,2019-09-21,889
1554,Priscila da Rodrigues,,,,04/09/1963,Olinda,2022-09-14,304
1555,LEONARDO BARBOSA,32107883165,leonardo.barbosa478@hotmail.com,(81) 8770-1672,15/04/1988,Caruaru,2022-09-02,788
1556,Rodrigo Rodrigues,95431652621,rodrigo.rodrigues178@yahoo.com.br,,23/01/1952,Paulista,2021-10-14,187
1557,Vanessa Cristina da Cavalcanti,81871096880,VANESSA.CAVALCANTI818@OUTLOOK.COM,(81) 99010-6336,,CARUARU,2019-10-23,638
1558,JOSÉ FERREIRA PERERIA,53527911146,JOSE.PEREIRA265@GMAIL.COM,81997383819,1983-05-15,Olinda,2020-10-01,811
1559,Leonardo Lima,,leonardo.lima785@hotmail.com,81989399177,21/09/2001,CARUARU,2020-05-22,259
1560,Luiz Roberto Freitas Oliveira,217.465.353-26,LUIZ.OLIVEIRA321@YAHOO.COM.BR,(81) 98340-6686,04/12/1995,Olinda,2019-09-25,536
1561,Felipe Carvalho Alves,,felipe.alves565@outlook.com,(81) 99413-1696,07/06/1969,PAULISTA,2019-09-24,954
1562,Gabriel Vitória de Araújo,35490479833,,,30/12/1958,Petrolina,2020-12-08,1007
1563,Felipe Carvalho,932.898.027-52,felipe.carvalho301@gmail.com,,1991-11-18,Jaboatão dos Guararapes,2023-04-13,234
1564,JSOÉ GABRIELA LIMA,137.565.896-41,,(81) 9954-0432,1980-04-08,Cabo de Santo Agostinho,2019-05-18,513
1565,Tatiane Clara da Barbosa,,,,2026-12-08,Caruaru,2021-06-08,886
1566,Rafael Gabriela Oliveira,868.548.709-92,,81993906379,1963-06-05,JABOATÃO DOS GUARARAPES,2021-12-17,92
1567,Camila Clara Cavalcanti Melo,247.925.422-43,camila.melo473@gmail.com,(81) 98853-5319,30/10/1978,Olinda,2021-08-18,578
1568,Felipe Rodrigues,67574510423,felipe.rodrigues595@outlook.com,+55 81 99968-4662,24/03/1977,Cabo de Santo Agostinho,2025-06-17,748
1569,Lucas Eduarda Souza Monteiro,19020607170,lucas.monteiro69@hotmail.com,+55 81 99956-4166,17/04/1968,Recife,2022-07-04,926
1570,Rafael Helena do Oliveira Albuquerque,,RAFAEL.ALBUQUERQUE742@HOTMAIL.COM,(81) 98700-9154,,Camaragibe,2025-07-20,61
1571,  priscila lima ,973.029.406-22,priscila.lima465@outlook.com,81985666499,09/12/1980,Jaboatão dos Guararapes,2022-09-29,985
1572,Severino Helena de Araújo Souza,315.520.650-06,severino.souza238@yahoo.com.br,81995393965,30/09/1969,Olinda,2022-07-26,225
1573,Luiz Roberot Souza,,luiz.souza453@gmail.com,81987303291,1999-02-25,Olinda,2022-11-21,827
1574,Leonardo da Oliveira,590.203.571-66,leonardo.oliveira191@hotmail.com,,28/11/1961,Camaragibe,2023-12-06,309
1575,RENATA COSTA,,,(81) 9988-1655,13/07/1978,Caruaru,2020-06-18,87
1576,Felipe Costa Rodrigues,508.951.237-03,felipe.rodrigues575@gmail.com,,18/11/1959,OLINDA,2021-02-01,695
1577,  lteícia da barbosa carvalho ,,leticia.carvalho701@yahoo.com.br,,,Camaragibe,2019-06-04,729
1578,Maria Aparecida Lima Alves,,,81981410736,,JABOATÃO DOS GUARARAPES,2022-08-28,752
1579,Camila Cristina do Ferreira Freitas,,,(81) 8655-7263,,JABOATÃO DOS GUARARAPES,2024-11-26,860
1580,Maria Henrique do Cavalcanti Oliveira,680.177.031-47,,(81) 9495-3472,13/07/1953,Caruaru,2020-04-08,572
1581,Larissa Augusto Melo Araújo,886.312.407-88,larissa.araujo935@gmail.com,81989991254,,Olinda,2021-04-22,968
1582,Letícia Augusto Melo,,leticia.melo579@gmail.com,,11/04/1989,PAULISTA,2020-11-18,750
